Customer_ID,PCA1,PCA2,KMeans_Cluster,Agglomerative_Cluster,GaussianMixture_Cluster,DBSCAN_Cluster
14173,1.840770760195681,-4.206588953633405,3,1,1,-1
16572,-0.2551725141256694,0.3162667724964136,0,2,0,0
14195,0.6604560402125507,-1.9564013425521407,3,2,1,-1
14233,0.5836391259196237,-2.042454022409512,3,1,1,0
17965,-2.903532476075348,0.1753571564522993,1,0,3,0
13934,5.002964144532903,2.2242925051503155,2,3,2,1
14272,1.663519099886908,-3.496044602240709,3,1,1,0
15494,-2.736405959994596,-0.0667849830490634,0,2,0,-1
14803,0.7251794654622375,-0.6678218753327989,0,2,0,0
14418,3.306438947481959,3.943900321421538,2,3,2,2
17649,-0.7438538057006623,-1.370656760345191,0,2,0,-1
16763,1.5912797323632015,-3.3537453288186967,3,1,1,0
18144,-2.486092665944239,0.3649212737029038,1,0,3,0
14500,1.0753178435705997,0.3172386711585577,0,2,0,-1
17409,-0.5753913740276692,-1.5262551186864228,3,1,1,0
15694,-1.3106619008196172,-0.8215022070470774,0,0,3,0
13243,0.444163226637647,-2.782031136688732,3,1,1,0
14890,1.3143244243352743,-3.767561771038054,3,1,1,0
16612,-2.0156756558310702,-0.3311213109946146,1,0,3,0
13078,-4.819616153843055,1.9486174669702652,1,0,3,0
15281,-1.7899219251730674,0.0881053387115998,1,0,3,0
14735,-4.1305564621684505,1.3417971069699928,1,0,3,0
14271,2.6498977107243133,-2.527195481703981,3,1,1,0
15159,-3.4186668610262627,1.7120158504605438,1,0,3,0
17696,-3.602738103290308,0.947244951492944,1,0,3,0
13900,0.4389907540710988,-2.079718572905419,3,1,1,0
14071,3.9564688798862417,0.1836924669828011,2,2,2,-1
15615,-5.627129831299806,2.794495524205395,1,0,3,-1
17101,0.1642636200896881,-1.3281624488760766,0,2,3,0
18198,-2.2688229603355343,1.2877024416129963,1,0,3,0
13700,-3.162198013301894,0.4139687446085159,1,0,3,0
17730,-2.9798050787687678,1.0157539675932596,1,0,3,0
16670,-3.681631963418756,1.0184775703246178,1,0,3,0
12916,-1.3466221682205632,-0.7903847303356525,0,0,3,0
14691,-0.8839921574289967,1.0914111911632949,0,0,0,0
13481,-2.858645507236582,0.371961417378045,1,0,3,0
13479,1.191433117108898,-2.4183776024922468,3,1,1,0
12999,2.883397201613358,-0.5078914002327772,3,2,1,-1
13744,-1.0103785079511904,0.7085032384192287,0,0,0,0
14907,-3.4108835880955364,1.676902226278287,1,2,3,-1
16979,-0.2014396197494543,-0.641304990125659,0,2,3,0
15712,-2.3324955502929376,-0.0461307706182103,1,0,3,0
15687,0.9657637696467164,-1.28986369264213,3,1,1,0
14045,-2.789570551951613,1.0238146380873452,1,0,3,-1
14716,0.8755865981010862,-1.43488273731945,0,2,0,0
14491,1.5873463215776378,-1.088946942653475,0,2,0,0
17870,-1.6979999858441257,1.240786602495095,0,2,3,-1
12808,1.4708618116759558,-2.313268181964544,3,1,1,0
14298,-5.986852994897202,2.6100891990743333,1,0,3,-1
16027,-1.0274050473447134,-0.7380912681859334,0,2,3,-1
14152,0.673134938266004,-2.413828913237948,3,1,1,0
12622,5.808109103584323,1.6407345288265622,2,3,2,1
18149,0.7813194996745244,-2.1302653201357185,3,1,1,0
17231,-2.293685210966181,-0.8241422529152952,1,0,3,0
17802,-1.5606227357049145,-0.8373523344096415,0,2,3,0
16149,1.2336428396745829,-1.373729429346799,0,1,0,0
13162,-2.182737179134995,-0.3846833993473865,1,0,3,0
16668,-1.164967462652853,-0.4161677670822454,0,0,3,0
13101,1.3503758534844963,-3.0289032908044606,3,1,1,0
13316,-2.1731268035698257,0.1987660164117775,1,0,3,-1
14336,1.6021536802023455,-1.1622985488667106,3,1,1,0
16777,1.226950654005793,-2.4959577944960314,3,1,1,0
16298,1.403101399327255,-2.273562588180192,3,1,1,0
12947,-0.1618705153882945,-0.6899913386601075,0,2,3,0
16126,-3.5719326992082943,0.9274360730092568,1,0,3,0
15852,1.6050703835865443,-3.585690415380755,3,1,1,-1
12412,-1.2218723209727211,-0.0662015232226293,0,2,3,0
16457,5.638758455219856,1.8569524815605465,2,3,2,1
12472,-2.8631451802891354,0.077845707543614,1,0,3,-1
16839,-4.574245892474615,2.313393556871392,1,0,3,0
13988,-0.7801375507625573,-1.356139617870014,0,2,3,0
14669,-0.0878878228097342,-2.608912417760127,3,1,1,0
14657,-0.2259539614286099,-0.9159257289993856,0,2,3,0
17980,0.383720180285429,-1.0477825042275155,0,2,3,0
16109,1.1221353721544556,-3.565646481822289,3,1,1,-1
16877,2.315743210630197,-0.0259343995276518,0,2,0,-1
15251,-4.044610679619474,1.8483619704027816,1,0,3,-1
18108,1.4418133824700865,-3.5594782325372045,3,1,1,0
16520,-0.0351093478426448,-2.1545070438893887,3,1,1,0
15093,-3.3299865235923334,0.7372481544106465,1,0,3,0
17069,-1.450257029939081,-1.093413223013679,0,0,3,0
17578,0.9659615633886456,-2.4129781871098226,3,1,1,0
15122,-2.52293399042107,0.3560157550869096,1,0,3,0
15727,-3.520253210687175,0.8000046537222893,1,0,3,0
13394,-3.0133167691697524,0.4207086823466286,1,0,3,0
15291,-3.78844857855061,1.0581635556240472,1,0,3,0
13939,-1.70667709207747,-0.1830954699631677,0,0,3,0
14888,5.143965491012724,2.103748965361324,2,3,2,1
17514,0.4045933029002127,-2.264439638742592,0,1,0,-1
15453,-1.5181820742111978,1.3204034984367323,0,0,0,0
18281,1.8266095448390176,-2.2743077363615947,0,1,0,-1
12408,-2.4163713308331585,0.73588296033031,1,0,3,0
12748,-10.939035285424334,7.827775753122252,1,0,3,-1
13523,0.6050528797861504,-1.626847595955095,3,1,1,0
14085,-2.5433036651619947,-0.4660887195180579,1,0,3,0
17854,0.3368935568225403,-2.769293554974498,3,1,1,0
15376,-0.381674024588816,0.5926322897772666,0,0,0,0
15514,-0.3702998202332483,-1.962056955041777,3,1,1,0
14264,-0.3293090661433441,-1.1811452386845598,0,2,3,0
17733,5.828300306347747,1.6072315002811073,2,3,2,1
16093,5.010249475191589,2.811588384838464,2,3,2,-1
17536,1.1579973602281954,-1.8834720801086005,0,1,0,0
14224,-2.0685455829474417,0.2803739336130907,1,0,3,0
12690,5.253467101243201,2.0853439466375288,2,3,2,1
15563,0.2190455394562835,-2.1670590823608857,3,1,1,0
17068,-4.192342295472689,1.411135625970544,1,0,3,0
17894,-2.345785940435521,0.2331417007916083,1,0,3,0
17372,-1.7021816934753702,-1.1053897179300365,0,2,3,0
15819,-1.4694434441650055,-0.782519841810236,0,0,3,0
13516,2.557127555751546,-2.2612333700325697,3,1,1,0
15304,0.8009179602782149,-1.1720903959881086,0,2,3,-1
16638,-2.887190896764356,1.3959465747196085,1,0,3,0
12481,-1.554984848736034,-0.4599575866056823,0,0,3,0
13283,1.6258979286268609,-3.701251011239242,3,1,1,-1
13362,0.7026311745935822,-1.4008007610029596,3,1,1,0
15713,-0.2178059492005304,-1.683119972663737,0,2,0,0
13854,-3.886718720037664,1.4406499745526096,1,0,3,0
14030,-2.997505820466384,-0.0468128473491561,1,0,3,0
14475,1.5677417771233528,-1.7732326300405017,3,1,1,0
16807,-0.8409145923565609,-1.156672907780603,0,2,3,0
17320,-2.1871468443200937,-0.1530332974224295,1,0,3,0
14024,-0.8172238565070882,-0.3366368299197522,0,0,0,-1
12818,4.993165101237583,2.497817944873236,2,3,2,-1
14312,0.2785067036921985,-1.596997687887154,3,1,1,0
15640,-3.759654296508464,1.0119048267174924,1,0,3,0
16497,-0.6970944961337059,-1.7453349984314876,3,1,1,0
17377,-3.2879779336579595,-0.036031749383629,1,0,3,0
14633,5.552391986071758,1.7427275498860022,2,3,2,1
15488,-1.0117798987231996,-0.8907987498395912,0,2,0,-1
12500,-2.522464255576149,0.4375506725758457,1,0,3,0
17362,0.7627858940577598,-2.729782860760051,3,1,1,0
13003,0.7919617371821687,0.2432855848439818,0,2,0,-1
17204,-1.1271435942999006,-0.4363329262413362,0,0,3,0
14676,-1.5101759604431588,-0.3393996812180816,0,0,3,0
17114,0.1739286062419284,-0.6580914460877423,0,2,3,0
12981,4.256815936403929,3.231246917644905,2,3,2,3
15092,1.6151810754925515,-2.3768437142138485,3,1,1,0
15235,0.4832505722420353,-1.260551313547806,3,1,1,0
13426,-0.8283124969722508,-1.553242578779795,3,1,1,0
16976,6.192356974215111,1.8383042916938572,2,3,2,1
13102,-2.5649478924065265,0.2999047135179841,1,0,3,0
17917,2.758694022310069,-2.333297554329704,3,1,1,0
14810,-2.1340095010289843,0.5307028111105998,1,0,3,0
13450,-1.53899501796296,-0.3635139384201927,0,0,3,0
12720,-3.825646605853474,1.7918971061574722,1,0,3,0
13505,0.2801968589443699,0.1182448408580076,0,2,0,0
15260,-3.412794046573328,0.5212375925583381,1,0,3,0
13778,-1.4973578268917076,-0.9031997765445076,0,2,0,-1
12716,3.2627267811899494,3.99087719094092,2,3,2,3
15732,0.4069931205703949,-2.2876657186284306,3,1,1,0
12429,-0.892109553245016,-0.5382089083330988,0,0,3,0
14410,-2.827230092219007,0.78494048239786,1,0,3,-1
17083,-2.4517852678416387,0.4757072346126935,1,0,3,0
15738,-4.089320623588031,1.2436987363099363,1,0,3,0
15805,-3.6913951209165328,0.8331636461495527,1,0,3,0
15019,5.3495248194138245,1.4898944262741396,2,3,2,1
13208,-0.7953014394194677,-1.66425815521668,0,2,3,0
17515,0.5694864241825353,-1.90493524663628,3,1,1,0
13953,-2.222114148360656,0.9596984279584378,1,2,3,-1
12524,-1.580192847713142,-0.5174698919972148,0,0,3,0
12949,-4.020760913179084,1.1350213898750474,1,0,3,0
14367,-1.1865855320553265,0.4321804644736831,0,0,3,0
12685,0.1480174723804123,6.885969484080356,2,3,2,-1
16217,3.546056413895794,-0.8384508909455655,3,2,1,-1
14099,-3.1785348957223665,0.5857107092741448,1,0,3,0
15124,1.7163488597729752,-3.043540927018611,3,1,1,0
14623,-1.7977637270462323,-0.344671569095305,0,0,3,0
13098,-4.468625474407172,3.342818227658751,1,0,3,-1
13989,1.0501820340184984,-2.3996347931599007,3,1,1,0
17159,-0.0007031661733962,-1.5687313313105462,0,2,0,0
15618,-0.5955907684056567,3.2046334362961173,0,2,0,-1
13277,-0.6359692750150215,-0.346740436870141,0,2,3,-1
15296,-3.297850173878837,0.6402836290046598,1,0,3,0
17402,-3.28306652797484,0.8770320462207316,1,0,3,0
13140,-1.9889739033311225,0.471373964338664,0,0,3,-1
14593,-0.5712011222556602,-2.210684165192858,3,1,1,0
15675,0.9277165800226856,-0.8562203234402539,0,2,0,0
13186,-0.8138394285938273,3.623751856842017,0,2,0,-1
14916,-2.860258645203989,0.9954879945810504,1,0,3,-1
13515,-1.308482115764214,-0.4698138077236873,0,0,3,0
17238,-2.378127980311277,-0.7323690415124025,1,0,3,0
17697,5.390039739408093,1.8970621876587557,2,3,2,1
18017,1.4710450865845668,-0.7578847910009465,0,2,0,-1
13993,-3.065000838835758,0.518639212139532,1,0,3,0
14918,-3.059943927180361,1.7164460905350596,1,2,0,-1
14421,0.4159651215343234,-2.6263425929900914,3,1,1,0
16309,-0.2429917952854322,0.4816507131332635,0,0,0,0
13198,-2.3177110635588143,1.018664614914995,1,0,3,0
12476,-1.7518257066165297,-0.1153366522247476,1,0,3,0
14291,-3.436685197050788,0.8176211839627119,1,0,3,0
13808,0.0178077843087006,4.735403931412967,1,2,2,-1
16824,1.24696745679274,-1.0958674149742695,0,2,0,0
16943,1.0307503871417487,-2.390518093835976,3,1,1,0
12451,-0.3075994412685143,-1.229880398184837,3,1,1,-1
16552,2.768490771061159,-2.052116010093166,3,1,1,0
15867,-3.497031862122808,0.4638441912694647,1,0,3,0
17633,-2.1313349395147823,1.1077521248523972,0,0,3,-1
15907,1.9383005365597192,0.4611057281772543,0,2,0,-1
13705,-0.5689874284898511,-1.0735302239776785,0,2,3,0
16389,2.381446360585693,-1.2773765798780572,3,1,1,0
14852,-3.6952521811926298,1.360661382418336,1,0,3,0
15743,0.4155916289653165,0.3847682169158145,0,0,0,0
13745,0.6046030943027209,-1.5153474050332014,0,1,0,-1
14461,-2.2410192663787263,-0.3236908052663243,1,0,3,0
17722,-2.101789869303788,0.660533846036671,1,0,3,0
14546,-0.4340716810167894,-2.088428622337538,3,1,1,0
14798,-0.0020776963693289,-1.591081815716025,0,2,3,0
12593,0.0247822604803426,0.3706091166767625,0,0,0,0
14331,1.575679602736249,2.243899966265149,0,2,0,-1
13189,3.4385868232058705,3.834878562850055,2,3,2,2
15834,-0.8593504417882843,-0.2104154210122366,0,2,3,0
15752,-3.383033044468083,1.4863957783704056,1,0,3,0
14873,1.7710148092512692,-3.0048481755233007,3,1,1,0
13862,-1.7310651275689617,0.7759891252886616,1,0,3,0
16726,0.7497415795279285,-1.6890142963856654,3,1,1,0
18218,0.9648167082505344,-2.896936546252029,3,1,1,0
15529,-1.0667784377466425,-0.4061285282700625,0,2,3,0
18142,1.7075616747285869,0.9856175303167278,0,2,0,-1
14127,-0.6373903324621473,-0.6143709382384442,0,0,3,0
13004,-3.835375724884413,1.0078886478295683,1,0,3,0
15750,-1.8347814660678985,-0.6224001633081487,0,2,3,0
14241,2.303402323545636,-3.395529476404961,3,1,1,-1
13982,-1.193475647566789,-0.7946399908274313,0,2,3,0
13462,1.0546267549937334,-2.8710244345501983,3,1,1,0
14441,-2.5731779769160297,0.1520901607009241,1,0,3,0
16919,-1.629172208087562,-0.3975242218965994,0,0,3,0
17694,-0.6721555446563247,-1.8328252775854037,0,2,0,-1
17905,-1.0489745926792995,-0.9946589248295752,0,0,3,0
17314,-1.7794755717660642,-0.5883005099585402,0,2,3,0
16172,-2.943333780580146,1.200946211928765,1,0,3,0
16614,1.1313543079256638,-2.2294526277812,3,1,1,0
16271,-1.8594263831483928,-0.0637112969467001,0,2,3,0
13227,5.45257698399899,2.0399647187138776,2,3,2,1
18147,3.886510603330961,3.7970825759222495,2,3,2,2
17166,5.652961065383178,1.6155942979061646,2,3,2,-1
14307,-1.51572965324886,-0.8569271607408964,0,0,3,0
13711,0.3338728617788359,-2.448060533652784,3,1,1,0
16609,-0.5022276098001583,0.3151524050091924,0,2,3,0
15181,0.3709657549170926,-2.1213773544433288,0,2,0,-1
12431,-3.5689760867915505,1.2015383993959972,1,0,3,0
14672,1.0743524943413714,-2.6125137960472444,3,1,1,0
15506,-0.5124661736192672,-1.1687536823360536,0,2,3,0
17758,-1.1036312631968066,-1.0714731153335548,0,2,3,0
17469,-2.961695840698525,0.3449050039922455,1,0,3,0
14947,-0.3961835493368205,-1.384154157109334,0,2,3,0
15408,5.495397574933096,1.5806107467384838,2,3,2,1
15812,-2.714873793017485,0.5227378757286064,1,0,3,0
12464,-0.4143442544469642,0.3691218372538437,0,2,3,0
13456,1.478977652418127,1.135332438099623,0,2,0,-1
13184,-0.7900960105388806,0.1899562605338663,0,2,3,0
15644,0.3770067931497853,-0.7989905797724629,0,2,0,0
17126,-1.6339267976736882,0.3749235292051547,0,2,3,-1
14079,0.6978080370269008,-1.9258849155629207,0,1,0,-1
16232,-0.7060361561701453,-0.9955184341412008,0,2,3,0
17063,-1.5231120706993024,-0.4466767145266818,0,2,3,0
17212,1.870076643806974,-2.6710799203496696,3,1,1,0
15625,-2.6914384521217296,0.9058843373301144,1,0,3,0
16915,-0.6462762732930594,-0.6004411798453734,0,2,3,0
17975,-3.121387699509929,1.2761446379631662,1,0,3,0
15609,5.089534516904345,2.103216724031052,2,3,2,1
14891,0.0866684669245516,-1.3936434630748582,0,2,3,0
16076,-2.550265879312912,2.439796148547191,1,0,3,-1
17405,3.692384905334913,3.5132944360092377,2,3,2,3
18078,1.2132571949206463,-2.791369587598605,3,1,1,0
14493,-1.3117237492938327,-0.7102092039307529,0,2,3,0
12407,-0.0008287937769924,0.0013511407935344,0,2,3,0
16570,-2.0870308098512558,0.0363175161655344,1,0,3,0
16992,-2.7663797371153755,0.2325410633580447,1,0,3,0
16086,-2.3567005158111924,-0.0939209247938936,1,0,3,0
13232,-1.2824380970794336,0.5933740063839905,0,0,3,0
13940,0.777316604125217,2.4831908382155428,0,2,0,-1
15199,-2.023325531020148,0.3975300793864133,1,0,3,0
12708,-2.9398367031214425,0.397449937196296,1,0,3,0
12680,3.020227963165912,4.339982049443028,2,3,2,2
12428,-2.149468115388001,1.3836657257291678,1,0,3,0
12516,-0.0095958866990478,-1.0524110988119089,0,2,0,0
17490,0.3626878686962925,-1.1869303833332283,0,2,0,0
17175,-0.1312036554048776,0.3137877310592269,0,2,0,-1
15797,-1.4821832255794742,-0.0575191328545796,0,2,3,-1
18262,0.3497145416644601,-1.4862989743798922,0,2,0,0
13012,-0.7427206903987447,-1.030815458724304,0,2,3,0
16866,1.8845801856259687,1.85336162149394,0,2,0,-1
14525,-3.6115454405527294,0.9018990668081852,1,0,3,0
17164,0.4439151532502643,-0.2171697444791022,0,2,0,0
12639,1.524554703810265,-2.4196780886647584,3,1,1,0
13261,3.6407473038446185,0.0708548473506672,3,2,1,-1
13520,-1.5552094857723069,-0.6968952156133097,0,0,3,0
14128,2.293646194520784,-2.805372260281098,3,1,1,0
14958,-0.3986274475695378,-2.1397184873100765,0,2,3,0
16327,-1.0832431542942862,-1.4823218660649975,3,1,1,0
16096,1.2771730944988415,-2.522291932191232,3,1,1,0
12610,-0.1807435761905111,3.525058822053336,0,2,0,-1
13448,-0.6212480133124026,-1.873483258008782,3,1,1,0
14515,0.2716085119679958,-1.88258201560462,3,1,1,0
15370,-0.5145559796317325,-0.3505640682412456,0,0,3,0
16834,1.8188600704629116,-3.1277185149603066,3,1,1,0
15796,-2.4239224704624425,0.1667067341525217,1,0,3,0
13183,-2.8887324261215657,0.9799379065358004,1,0,3,0
14400,-0.3848737811822898,-0.8691186086977363,0,2,0,0
13812,2.911869095526696,4.36242564267203,2,3,2,2
13023,0.3051673886679284,-1.3498032220180114,0,1,0,-1
12769,4.766135357248836,2.446084022327003,2,3,2,1
15810,-0.8781303359736803,-1.0484921415963515,0,2,3,0
16031,-0.8763365171652228,0.3237585732582452,0,0,0,0
15227,0.5374976356266528,-1.943921303033592,3,1,1,0
12683,-3.9445053982614313,1.0262290150187932,1,0,3,0
15065,-0.433592579046639,-0.3847787321880584,0,2,3,0
17827,0.5241214260468384,-2.656222239621572,3,1,1,0
13223,1.2155947074234947,-2.272240660829832,3,1,1,0
14973,-0.8027954910345815,1.054272807980704,0,0,0,0
16996,-1.2353521511372547,0.1282936502635989,0,0,3,-1
13285,-0.9546155744649072,-1.4357783521874468,0,2,3,0
12643,-1.5903464277776664,0.0914378140947894,0,0,3,0
17416,-3.837033251910615,1.0185856216865383,1,0,3,0
18160,1.95384219920133,-1.9626670631380572,3,1,1,0
12885,3.1821290203261303,4.0596107403856,2,3,2,3
15648,2.285109530954955,-1.278835970578062,3,1,1,0
14631,1.1876438438557124,-1.8045811390702584,3,1,1,0
15855,-0.2538917672156656,-1.2956039642625516,0,2,3,0
13549,0.0631279606973695,-0.8279425786121395,0,2,3,0
18172,-4.091455199698525,1.1963966544407447,1,0,3,0
15602,0.0029557015348345,-2.0895325133914837,3,1,1,0
17920,-4.473853535676728,1.3458203786594125,1,0,3,0
17470,-0.9137236068334372,-0.7155361333140221,0,0,3,0
12851,-0.3702136900537884,-0.8986820626044916,0,1,0,-1
16422,-6.180729655518046,3.474510371410888,1,0,3,-1
14883,2.4062256668507582,0.2713447502032381,0,2,0,-1
18191,2.7058842242902137,-2.4166871173522515,3,1,1,0
14335,2.2463217854566837,4.64793230893515,2,3,2,2
12844,0.0034533102080285,-1.9463048379833323,0,1,0,0
17879,4.780819602488998,3.009508437087842,2,3,2,3
14997,1.3511801014745168,-2.27942259166105,0,1,0,-1
14482,-1.979846074726706,0.2552471553338828,1,0,3,0
12678,-4.019209701877145,1.6043697033811746,1,0,3,-1
14621,-0.8781357636079017,-1.368312829823816,0,2,3,0
16266,-2.0816019315652694,-0.0879520469686277,1,0,3,0
16558,-4.28978862745923,1.2733326847402882,1,0,3,0
12933,-0.8660709887573398,-1.5974868114007816,0,2,3,0
13748,-2.662247486799332,0.0469671476468965,1,0,3,0
13330,-2.4091789332622504,0.2838358812649462,1,0,3,0
15920,-1.3242566252179209,-0.457479181307265,0,0,3,-1
12613,-0.3693004530602123,-1.8492470892855064,3,1,1,0
14148,2.588148157798104,-2.1769937186785357,3,1,1,0
17370,-0.3079356553391529,1.2010412334847729,0,2,0,-1
17429,-0.323838611770444,-1.0112109783194212,0,2,3,0
17754,-1.38001485317302,-0.97762279680275,0,0,3,0
15382,-1.0934962681960223,-1.4731124732506766,3,1,1,0
13238,0.3933207999006113,-1.409007431166581,0,2,3,0
18213,5.570849180475093,1.7742068338979415,2,3,2,1
17571,-0.2508273416053067,-1.5473878221550488,0,2,3,0
14597,0.9847823114131316,-1.843444727988112,3,1,1,0
17799,-3.651434217226869,0.6154524186532674,1,0,3,0
14442,-0.1910012490763868,-1.7957140416010833,3,1,1,0
14985,2.146390609485344,-2.225319509165302,3,1,1,0
18224,6.005078634812235,1.4688552041066611,2,3,2,1
12747,-3.121366604123615,0.6201612658035937,1,0,3,0
16399,2.309619495633478,-2.249348754339229,3,1,1,0
16135,2.220757806355258,-2.827216592187851,3,1,1,0
13134,0.8332507513426878,-1.7521549302588015,3,1,1,0
17734,-0.5852279287360125,-1.5830351557022238,0,2,3,0
17411,1.366131005924494,-3.6524544797331098,3,1,1,-1
16365,-1.9666115660110544,-0.1294600277314549,0,0,3,0
14776,-2.6947474226986263,1.3678534229387154,1,0,3,0
17757,-3.741818800724735,0.7637711069152389,1,0,3,0
13750,-1.4443099936646286,0.2032155480117624,0,2,3,-1
16624,5.007655085433573,2.2222102235762,2,3,2,1
15465,-2.457856399298872,-0.0823479290764323,1,0,3,0
15449,1.998536003249476,-1.2668052753940553,3,1,1,0
18079,-0.936722977830835,-0.6355188784470037,0,0,3,-1
13026,-2.102861391223273,-0.2564599551139524,0,0,3,0
18287,0.3371686036255856,-1.906524883537796,3,1,1,0
13302,2.1622786617808334,-1.94599127222942,0,1,0,-1
14506,-0.6628672939079119,-1.1154268324351064,0,2,3,0
14041,5.874237092974176,1.326386680214647,2,3,2,1
15230,4.975723851193167,2.1327525428620664,2,3,2,-1
16353,-3.1400285888561568,0.6134803690466459,1,0,3,0
14503,3.709433245852102,3.674477866600436,2,3,2,3
13593,-3.0620579318515926,0.6174848045797174,1,0,3,0
12724,-0.0847367875179753,-1.106655631457665,0,2,3,0
17690,-2.926581972323205,0.1715719854249407,1,0,3,0
16019,-2.463940398710163,-0.2132540870001009,1,0,3,0
12930,4.406327798715761,3.026476561477053,2,3,2,3
12832,2.7217889405158595,4.461516910557299,2,3,2,2
17043,-0.2931751428289408,-1.7609599972209744,0,2,3,0
18230,-2.542335399817104,0.7604177543952978,1,0,3,0
18283,-3.3005077976407526,0.5477593470439786,1,0,3,0
14524,-0.3830239722071744,-0.8059365863706875,0,2,3,0
16774,-2.4260700863917197,0.7583203533050485,0,0,3,-1
17651,-2.129170188650696,0.990045423312726,0,2,3,-1
13761,-0.4395347849436267,-1.5133390370716755,0,2,3,0
14690,0.1720504616644976,-1.6194653036571895,0,2,0,0
14768,4.598524602577213,3.153209406461237,2,3,2,3
16735,-3.621603876387456,0.9486203890152928,1,0,3,0
13398,1.8983446327738207,-2.248801720922373,3,1,1,0
13529,5.676162355495277,1.8736110491019475,2,3,2,1
15038,0.7207963422389899,-1.9318365744679056,3,1,1,0
14083,-0.7496999053238362,-1.5408332923839856,0,2,3,0
17454,0.2423601933744901,-2.0821295128781023,3,1,1,0
14867,-0.3422012769552846,-1.931790275830005,3,1,1,0
14823,2.388503427030232,0.5105471210663868,0,2,0,-1
12548,5.267302574519428,2.512816761144512,2,3,2,3
16424,2.3668556110992323,-2.0240184814496844,3,1,1,0
13991,4.653646532870042,2.9661767817364875,2,3,2,3
16449,2.034116725327478,-1.3689312533466502,3,1,1,0
13889,-2.514244384685969,-0.0559120017493565,0,0,0,0
16261,-0.8227289984749018,-0.4304802517067019,0,0,3,0
16484,2.5032750794965564,0.7382554171370102,0,2,0,-1
16626,-1.846522048926846,1.5917561019150546,1,0,3,0
12782,-1.080770446792871,-0.56719471922755,0,0,3,0
12798,-0.185332396626858,0.7979423433796696,0,2,0,-1
14875,-1.6029325181597067,0.6016407023474132,0,0,0,0
13313,-1.281779472957517,-1.059002555471099,0,0,3,0
12567,-4.076944758220722,1.4254747453662802,1,0,3,0
12438,3.189888263087981,4.127951967188674,2,3,2,3
15512,0.597815529788178,-2.381477269773872,0,2,0,0
14825,-1.8296008838587243,-0.3069279848846051,0,0,3,0
17046,-0.7617815401735478,-1.0447878019425247,0,2,3,0
17899,4.3248510233123,2.8594084270496967,2,3,2,3
15980,0.5164560862591697,-1.8982913160241253,3,1,1,0
17053,3.692223140705989,3.868179355295518,2,3,2,3
16023,2.0517835738202166,-1.4719334983700303,3,1,1,0
18165,4.408283863467982,3.3122904639782385,2,3,2,3
17211,-1.0783447093644791,-1.4435538946081077,0,2,3,0
16163,0.5268738065019163,-2.434681081198566,3,1,1,0
15841,0.4434475087103612,-2.2868522812519267,3,1,1,0
17420,0.3919362328772799,-1.0490109648718038,0,2,3,0
16951,-0.4190406481418192,-0.2038717417263022,0,2,0,0
13418,-4.231252507781597,1.3889191663058584,1,0,3,0
14636,5.670586495472075,1.69606969349642,2,3,2,1
17625,-1.7926220725771551,-0.9154904228999458,0,0,3,0
13225,-1.9109734927408968,-0.1292156866985566,1,0,3,0
16244,1.5103111200953718,-1.5841586003824994,3,1,1,0
12749,-1.8502197396145004,-0.1942049760392931,0,2,3,-1
16370,-0.6662859549631392,0.5106610188007948,0,0,0,0
18069,-1.2525766658897637,-1.0794441878163574,0,0,3,0
15123,0.2362390553090954,-2.239959132741586,3,1,1,0
13210,2.1644040266115274,4.80274687589399,2,3,2,2
13781,1.4064963499566068,-3.582715976998396,3,1,1,0
12990,1.1580117473569231,-2.146023749584061,3,1,1,0
16813,-2.369323156830887,1.959146230439894,1,0,3,-1
13334,-0.3530444231087011,-1.9204260601108896,3,1,1,-1
17940,-4.183556797861253,2.5129759726521472,1,2,3,-1
17217,2.703950069642925,-3.404300413967445,3,1,1,0
16045,-2.0814826562153894,0.5565820813058119,1,0,3,0
14466,-2.320608841338216,-0.0540554952386182,1,0,3,0
12759,-1.3872030135601867,-0.62003621884371,0,2,3,0
13269,-3.366971269482458,0.5986217695513784,1,0,3,0
14649,-0.0919822819477855,-2.220302702740099,3,1,1,0
15201,-0.9416325853891654,-1.1079299796714406,0,2,3,0
13925,-1.5059775566283071,4.309279002846884,1,2,0,-1
16655,-1.810752186899354,-0.7000860084415003,0,0,3,0
14775,0.651308553852039,-0.727145732138749,0,2,0,0
18043,2.0361047278635,-2.1470687475126167,3,1,1,0
16168,-5.213311132327949,2.576796973545281,1,0,3,-1
17584,-1.621805400702147,-0.6397618098020107,0,2,3,-1
16515,-0.8423440546909637,-0.779902063272414,0,0,3,0
16965,5.41024645448599,1.7137203335105566,2,3,2,1
15036,2.9214488397176317,2.439575537268957,2,2,2,-1
16637,0.9527732835158716,-0.397580699944393,0,2,0,0
18102,-6.889940504491547,4.144720253298398,1,0,3,-1
15863,1.1057395799971248,-3.846982704928135,3,1,1,-1
16861,0.2262554205076035,-1.5319421421889032,0,2,3,0
14326,1.529032457042036,-2.727419687349933,3,1,1,0
14901,-2.058488549891864,0.5161991006445502,0,0,3,0
14364,-1.7844450530236546,1.9711320683955795,1,0,3,0
16003,-2.027513659013613,-0.1515557649641234,0,2,3,0
15683,0.035415999255964,-0.5861134191947854,0,1,0,-1
13931,-3.358515498633684,0.7758472089085439,1,0,3,0
14855,-2.9878869067606884,0.8822214602413502,1,2,3,-1
18121,1.809328829789303,2.7250171314834466,2,2,2,-1
13082,-2.4539414777572945,0.1725625528014622,1,0,3,0
13495,0.1014983772968992,-2.170585671965287,3,1,1,0
12888,3.5954603051051843,-0.5216732857607107,3,2,1,-1
14988,0.2654621977236194,-2.21027461601431,3,1,1,0
12545,5.169179924298848,1.9836367907109496,2,3,2,1
13590,-1.7522324680840735,-0.873614303709553,0,0,3,0
12854,0.2619243707021824,-2.587926717211292,3,1,1,0
12530,-1.2699461182487384,-0.7323561547632949,0,0,3,0
12840,-1.3066272065567892,-1.0373539717818483,0,0,3,0
14276,-2.728606932763628,0.8322326384333872,1,2,3,-1
17102,7.124377513449054,0.8646663191422306,2,3,2,-1
15998,-2.0511442127112423,-0.8713555889433577,1,0,3,0
16012,-1.5526647962821574,0.0268738629882732,0,2,0,-1
17064,2.0610195800553712,-1.8263031309711577,3,1,1,0
15046,-3.4312056778332662,0.7659132553127191,1,0,3,0
15023,-3.965005890992212,1.5151022078416332,1,0,3,0
17464,-0.0281480196318867,-2.0983356809284506,0,2,0,0
17708,1.1912030515107093,-1.9886766824769764,3,1,1,0
18018,-0.2634586647492359,-0.9263381183773838,0,2,3,-1
16904,-3.842334551153454,2.2418167656214734,1,0,3,-1
13606,2.8176471692937533,-1.9370259571832849,3,1,1,0
13268,-0.0890059683922711,-0.2018323023195651,0,2,3,0
13282,0.5167616229005432,-1.2352357677763743,0,2,0,0
16716,1.5467048076553944,-2.9532125756710506,3,1,1,-1
13196,1.0733943414623328,-2.485134537329186,3,1,1,0
13458,-3.1195182972131805,1.6615411139568363,1,0,3,0
18009,0.3222142600769692,-2.5389911526362834,3,1,1,0
13946,0.4968384295564416,-2.417001902071737,3,1,1,0
14451,-0.4403064449448052,-2.087756301571836,3,1,1,0
16374,1.0314982679816465,-2.522572488623932,3,1,1,0
17026,2.546773594155394,-2.556038689957492,3,1,1,-1
14885,-0.4363098223504481,-0.956982739240948,0,2,0,-1
14415,-3.948107399571029,0.899625099999997,1,0,3,0
13395,0.9299858881106552,-2.2652479222832773,3,1,1,0
16275,0.5874163399061278,-2.472262989101632,3,1,1,0
13373,-1.677378148071922,-0.192698910590141,0,2,0,-1
14353,2.0146956645414447,-2.7035079440179164,3,1,1,0
14851,2.4212601788587165,-3.149119185439736,3,1,1,0
14129,-2.520356199206308,0.6210746857710402,1,0,3,0
13736,0.2525248998695245,-2.707044656544734,3,1,1,0
14064,-2.33894660576626,-0.1244182186976305,1,0,3,0
13976,0.8699734408737603,-2.8331982277226717,3,1,1,0
17512,-2.6542550041227524,0.2334608096873825,1,0,3,0
16967,5.040241887341124,2.1575953611516403,2,3,2,1
16829,1.134207705600563,-1.038903675245182,0,2,0,0
17396,-2.571701155204776,3.7021770119037214,0,2,0,-1
15521,-3.67140851898976,0.8506678909740616,1,0,3,0
14390,-0.9777912893565388,-0.5678340119331753,0,2,3,0
16448,2.128221667656084,-2.624520947868238,3,1,1,0
14931,3.2851655373818898,-0.1678256061122182,3,2,1,-1
18092,-2.9343471495645286,0.7597382244891178,1,0,3,0
16144,6.310611054375083,1.836837375106512,2,3,2,-1
18252,-0.238095430397155,-1.9772490873696384,0,2,3,0
17719,-3.3005153563168035,2.823330485764289,1,0,3,-1
13722,-2.1622272516750094,0.3920915390973513,0,2,3,0
13230,-2.409739915223294,-0.3607706275390307,1,0,3,0
14000,0.6168191975394928,-2.282421995940402,3,1,1,0
12815,1.608045095914329,0.8413744603612674,0,2,0,-1
13885,3.176582675234961,0.2628387903627123,3,2,1,-1
12562,-1.011458940644236,-0.2938167350248115,0,2,3,0
16107,-0.7284092842082976,1.729236170351034,0,0,0,-1
12668,-0.3052609254765329,-1.6726674218992217,3,1,1,0
16156,-1.7146692003457835,-0.665668197305838,0,0,3,0
12841,-3.365677863830141,1.2508239287894345,1,0,3,0
18220,0.8340391713181544,-2.286857222741219,3,2,1,-1
15505,-0.8410729923884628,4.461009310545905,0,2,0,-1
17669,-1.6750637985945958,-0.395639969700281,0,0,3,0
15755,-2.861914482095745,0.2325743142653681,1,0,3,0
17987,0.6074612098247346,-2.441396462495725,3,1,1,0
15164,0.1932567478345632,-2.2988149400249465,3,1,1,0
16105,0.7766313620375177,-2.175411726714502,3,1,1,0
17110,0.3363360242190791,-2.439969777310582,0,1,0,0
17955,0.848380545365498,-2.965655736222357,3,1,1,-1
17191,-3.055750574568711,0.0835326216179769,1,0,3,0
17051,0.8030322825107449,-2.896746669897793,3,1,1,0
13280,-1.3440081268492534,-1.087174344751482,0,2,3,0
16571,-1.1807250056930103,-0.5251509966730585,0,2,3,0
12649,-2.4580177460513646,0.1843426488656987,1,0,3,0
18062,-0.1464391392749635,-1.3003112715745526,0,0,3,0
15356,-2.638870552444585,0.8929154043340498,1,0,3,0
12816,-0.5737109425457545,1.5251697809686977,0,2,0,-1
16553,-2.50015236707248,0.1958479782702789,1,0,3,0
16469,1.648834964145573,-3.426335624760798,3,1,1,0
15921,-0.0401423158231522,-1.7622293290109785,0,2,3,0
12540,-4.5698542366739225,1.7126416244358798,1,0,3,0
12993,-1.3991225440355195,-0.6187390408516888,0,0,3,0
13618,4.56681086291986,2.96044997479439,2,3,2,3
17589,-2.411568248736338,-0.3464309765504065,1,0,3,0
17157,-1.4283699392192355,-0.8761589224330756,0,0,3,0
17455,5.7521742735855605,1.7238728531451293,2,3,2,1
12864,1.4616399927661932,-1.5882384802815164,0,1,0,-1
13682,6.1621406073055525,1.5380855523090138,2,3,2,1
15280,0.5213643099596751,-2.374950628203873,0,1,0,0
16152,4.75132279491291,2.5742023164639622,2,3,2,1
17073,2.378726698775601,4.663128020768116,2,3,2,2
12691,0.5508202450036476,-1.0502881695713473,0,2,3,0
14299,-3.6259502968535497,1.208960863994692,1,0,3,-1
16272,2.7716990835390813,4.596662230135987,2,3,2,2
15104,1.7484702929091225,-1.2483698746689205,3,1,1,0
17531,0.7750998069567745,-3.106369630131932,3,1,1,0
13317,-0.7332428644181841,-1.759910384927567,3,1,1,0
17265,1.013672968798873,1.5464705814412267,0,2,0,-1
17123,0.143515446590631,-1.469869196465455,0,2,0,0
16091,2.396560383979501,0.4274625290496581,0,2,0,-1
15674,-0.5490348235091689,-1.8436432274926764,3,1,1,0
14161,0.0024769079797909,-2.1161263769076144,3,1,1,0
17075,0.4367392875779426,-2.413487264101512,3,1,1,0
15396,-0.2069482654810504,-0.7178118655809508,0,1,0,-1
14859,2.10065905535546,-2.6723550180710096,3,1,1,0
13631,-1.9186868715510093,2.155546470331199,1,2,3,-1
15801,3.545823510364856,3.92355194628246,2,3,2,2
16359,-2.475923962385358,0.2364120621393297,1,0,3,0
13892,1.971853199620182,-2.6336631288558774,3,1,1,-1
12833,3.78881821181495,3.609730667909672,2,3,2,3
17848,-2.340204224826758,0.0533674374101033,1,0,3,0
16210,-4.036378682501515,1.471524513097466,1,0,3,-1
13060,5.586937677272549,1.7937643642564969,2,3,2,1
13990,5.304169404450222,2.0174754313716057,2,3,2,1
17438,1.1152109714700302,-2.5389264019813584,3,1,1,0
17612,-3.809166651913996,1.221414114343367,1,0,3,0
14522,-2.1858117764510903,-0.5900986626034211,0,0,0,0
17871,0.7630467882878631,-2.6260762966462026,3,1,1,0
18171,-2.323515861147176,0.2957228552581745,1,0,3,0
15407,1.5832803784460432,-1.559664180862582,3,1,1,0
13246,-0.8700964829399698,-0.7869508094169414,0,2,3,0
17631,-0.416763969617316,-1.9046338759580097,0,2,3,0
14078,-1.8705736792192436,-0.2384987826875236,0,0,3,0
14060,-3.037826734739819,0.8322521159751911,1,0,3,0
14049,-1.9979050856455285,-0.4189022349328056,1,0,3,0
15140,-1.9835543538146791,0.7146762865213204,1,0,3,0
17386,-3.309413388488886,3.7176471370559594,1,2,3,-1
16498,4.1406217880857685,3.1936303258660788,2,3,2,-1
18094,-1.7521776145728012,-0.4504366689331736,0,0,3,0
12867,-3.7108547451843057,0.7500871349094862,1,0,3,0
15578,4.6666532791793065,2.7844499858828504,2,3,2,3
15630,1.8360395853573277,-3.0927125141397496,3,1,1,0
13075,3.207825380578264,4.425932120257493,2,3,2,3
12743,2.5431750289632724,4.277472544909195,2,3,2,-1
17591,-1.2233687932523865,-1.5406113298958517,0,2,3,0
15981,-2.051942847395365,-0.1054241601662972,1,0,3,0
15498,-4.912141541802979,2.116245277270882,1,0,3,0
15051,-1.3137701363171572,-0.9218135912774136,0,2,3,0
12453,3.2206485480754243,4.084573570337797,2,3,2,3
14005,0.5366631516413043,0.208792369496457,0,2,0,0
16628,-2.0980793001271683,-0.1468535525857698,0,0,3,0
16450,-0.5034571089096674,-2.2897109641713,0,2,0,-1
12792,2.22010964725459,-2.684097589946997,3,1,1,0
18183,2.97615585753189,-0.5349578750673365,3,2,1,-1
13838,-2.57067198224833,0.3798151740969891,1,0,3,-1
14628,0.9593850229114652,-2.677844282058964,3,1,1,0
14135,-3.0916950093620565,0.5023287762843749,1,0,3,0
16393,-3.475838046749836,0.4276868965475149,1,0,3,0
16869,1.875203885219788,1.835724179545364,0,2,0,-1
16600,0.6251222502168173,-2.607176722313219,3,1,1,0
12474,-3.951839498745671,1.2722091597881455,1,0,3,0
17723,-0.6449713452117015,0.4034402126717526,0,2,3,-1
15373,-2.504873247422013,0.709620381582731,1,0,3,0
16764,-1.2376925390772275,3.65807845898687,0,2,0,-1
13799,-2.148026493344475,0.2189923284473298,1,0,3,0
13636,0.4571507324918575,-0.887803876809706,0,2,3,0
13985,-3.596667870373839,1.2272126095406786,1,0,3,0
15206,-0.0659969885344781,0.5954854639185599,0,2,0,-1
16889,0.2313049148091969,-1.7791457869270866,3,1,1,0
16042,-1.635785176695094,0.2013693066515276,0,0,3,0
14289,0.3112173389456334,-0.2527301076088353,0,2,3,0
14292,-1.812089873730102,-0.0951901086450249,0,0,3,0
14606,-7.810391038287049,4.2265819981906985,1,0,3,-1
16584,0.8709321808344129,-2.2786007272347804,3,1,1,0
12909,0.234186037373841,-2.15354335818916,3,1,1,0
15372,-1.794684954652259,0.3714367151510961,0,2,0,-1
15253,-0.1266367987847847,-1.3688383100694796,0,2,3,0
16178,0.8962746535105965,-0.9885607055354866,0,2,0,0
15290,-3.5240860788087573,1.361563357263143,1,0,3,0
16950,-1.6002696106808567,-0.5204515880065266,0,2,3,0
13583,-0.0034239726121524,-1.584612485973858,0,1,0,-1
16085,0.3648218272653495,-2.3608664835282838,3,1,1,0
16402,2.7243381573059984,-2.2579416824097707,3,1,1,0
17715,2.651667545695482,-2.6472228310932597,3,1,1,-1
13239,1.2194115949155344,-2.221694227217851,3,1,1,0
13397,-2.0023236484659583,-0.0288376525065219,1,0,3,0
12490,-4.346443982628793,1.7720494559093345,1,0,3,0
18273,-0.1133676998091774,-1.1715061328437448,0,2,0,-1
13699,0.7193288467207879,-1.5785780443220467,0,1,0,-1
13427,-1.1512502130295852,-0.9229669512960476,0,0,3,0
15031,-2.5167320902626718,-0.2955292908920214,1,0,3,0
13983,-0.7976279073551514,-1.604841623026941,3,1,1,0
15041,1.1084192095495908,-1.6659383396988472,0,2,0,-1
16247,4.703506039580211,2.680130541748252,2,3,2,3
15110,-0.0421927083656137,-0.9385368044758876,0,2,3,0
13654,-1.659252043993713,-0.851576803433547,0,0,3,0
15655,5.027162639988578,2.0414164225787035,2,3,2,1
15433,2.9523633050045253,-0.5213512084076499,3,2,1,-1
13320,-1.661984142558137,-0.1762392735140102,0,0,3,0
15829,-0.1225303856579507,2.881240290567737,0,2,0,-1
17408,1.0640723320135934,-2.567183854460328,0,1,0,-1
17704,1.15802152475247,-0.1751136615268462,0,2,0,0
13236,2.621049690076993,4.742980786745838,2,3,2,2
15953,0.0246841858783973,-2.024436942522488,3,1,1,0
15950,-3.1217082307015445,0.6453336999171084,1,0,3,0
12674,1.8669088884105207,0.8877713700682656,0,2,0,-1
12456,0.0896180771899641,0.0378349667081898,0,2,0,0
13621,3.185967216312374,4.151230050029581,2,3,2,2
13452,2.4875364480253617,-2.5130537661847883,3,1,1,-1
15402,-0.6287085512778591,-1.1687134918661193,0,2,3,0
12436,2.53106150836204,4.848187517583511,2,3,2,2
17931,-1.5535822231100809,-0.993466211910449,0,2,3,0
17088,1.525512342906003,-0.922924799049035,3,1,1,0
15150,-3.3292981179035395,1.1523367618685867,1,0,3,0
12435,0.2343935595507304,-1.6401166684876023,3,1,1,-1
14447,1.331965757870708,-1.7259264309368292,3,1,1,0
16117,1.276879443658259,-2.5108917396349417,3,1,1,0
16873,-2.195848024103681,-0.1991137830419802,1,0,3,0
17481,2.396668636826465,4.554748469893856,2,3,2,2
13656,-0.0766631313145166,-1.2093009369720735,0,2,0,0
14681,1.402706560301766,-2.873718222140933,3,1,1,0
16587,5.619045643400384,1.7653059977901038,2,3,2,1
17339,-0.5027268242097535,-0.6230092311946321,0,2,0,-1
12397,2.8368066475648246,4.482136946405829,2,3,2,3
17338,-3.5859737670038347,0.9545752022835636,1,0,3,0
16556,-3.355365282805022,0.6427130359051283,1,0,3,0
16470,-2.297096540392877,-0.4690926541479935,1,0,3,0
15679,2.5073005339279946,0.4672468199237086,0,2,0,-1
16419,-2.690751086959537,1.0616703298232242,0,0,3,-1
13090,-1.893901049125084,0.3081128773616688,1,0,3,0
15223,0.7528690594691644,-3.0833948692856747,3,2,1,-1
15118,4.3968550529853605,3.9001448861733583,2,3,2,-1
17764,0.9529984880701112,-2.66901257063451,3,1,1,0
16927,0.0683672856889231,0.186368468746413,0,2,0,-1
15691,1.9495609427848124,-2.803701027717922,3,1,1,0
15143,2.281347594457986,-2.2412348862466542,3,1,1,0
17562,-1.4889284293531082,2.8932290299155574,0,2,0,-1
15289,-0.4105715384858439,-1.30861187790463,0,2,0,0
15643,1.8193401605775164,-1.6328166019510104,3,1,1,0
12821,2.7298981636379254,-3.246860907538621,3,1,1,0
14507,-2.5608078247712323,-0.2496980274414725,1,0,3,0
13552,-2.3014597758563595,0.006395335646053,1,0,3,0
14016,-1.9654110604466868,-0.3574716468832582,1,0,3,0
14984,0.0989074824767376,-1.6113330398169885,0,2,3,0
18161,0.3111012835383405,-0.7623174057751916,0,2,3,0
17861,-2.349357353559133,-0.2229296887214824,1,0,3,0
13069,-4.108664057877845,1.577972469986716,1,0,3,0
17759,-0.0617624929441011,-1.382438000707397,0,2,3,0
14530,-3.402338185136629,0.6575446312578356,1,0,3,0
16536,2.328205517586487,4.808619720287718,2,3,2,2
15241,-1.4057878808820867,-0.8411476992405409,0,0,3,0
16743,-2.9327072164900088,0.8614426920635282,1,0,3,0
14963,0.046055463859095,-1.985599822918141,3,1,1,0
14019,-0.201917234110327,3.1118206000823823,0,2,0,-1
17550,-0.1521065177051936,-2.138435443827298,3,1,1,0
13716,5.893539682221958,1.3089554543859785,2,3,2,1
17278,2.7783760830683053,-3.050807241538949,3,1,1,0
14800,-2.6923537151341925,0.8569771662345381,1,0,3,0
14553,0.7770781721077193,-2.111510715827634,3,1,1,0
17190,0.3954003418542444,-2.449111823477372,3,1,1,0
15764,-2.8800853155625386,1.1156902753583815,1,0,3,0
18257,-2.6858106261570893,0.4562387294218636,1,0,3,0
14766,-1.1462980612805254,-0.5621611964495823,0,0,3,0
14101,-1.5505822866550223,0.0010183875247682,0,0,3,-1
13470,0.9852662059094652,2.680957017466249,0,2,0,-1
14566,-1.947829937555173,1.0562106449662827,0,2,0,-1
15073,-0.1068854877000709,-2.251460155327601,3,1,1,0
17001,-2.678388783625067,0.5877844472180097,1,0,3,0
18093,-3.3075156666029524,1.843899552185128,1,0,3,-1
17676,-2.596134989089026,0.9229458427005628,1,0,3,-1
17373,-0.3264600564045671,-1.4568971346290391,0,2,3,0
15062,0.4439500801255653,-1.8561394800998092,3,1,1,0
18229,-4.0023228252330565,1.566727187754906,1,0,3,0
16456,-3.433263326915104,1.0569844480534951,1,0,3,0
15105,-0.4179264924521086,-1.1813042526340072,0,2,0,0
12592,-2.1598028289809896,-0.2458459644127776,0,0,0,0
15708,-1.0216686640840849,-0.3428275408938738,0,2,3,0
17874,1.6491600040795016,-1.240003954326101,3,1,1,0
13632,-0.5507613778300968,-1.3822618498078931,0,2,3,0
13178,-2.841167749529105,0.1727181256577508,1,0,3,0
15203,-2.987680586335495,0.4319234877711729,1,0,3,0
16434,-2.178379476572569,-0.2937873993291072,1,0,3,0
14452,-1.3616550777564855,-0.9130565928684292,0,0,0,-1
13368,1.7466389662845554,-1.919761238493331,3,1,1,0
16788,-1.22701793944405,-1.1331146882458822,0,0,0,0
13050,-4.1695808986814304,1.178926681241182,1,0,3,0
16804,6.000662878114569,1.222070384126973,2,3,2,1
16037,1.2023028920098702,-2.5410845693054696,3,1,1,0
12951,-0.9325526632663146,-1.1311807013172557,0,0,3,0
17412,-0.383070922665772,-1.9016138246532317,3,1,1,0
16933,0.1289629783481354,-2.3533040380819368,3,1,1,0
15299,-0.735566748859542,-0.8958795574742021,0,2,0,-1
14214,0.1832868661905224,-0.0314091235007701,0,2,0,0
16961,-0.8600479557853831,-0.6066813689467816,0,0,0,0
15374,1.234775060008255,-2.046268963547502,0,1,0,-1
12766,-1.220752592474823,0.0284879469357066,0,0,3,0
17634,-2.039256338263693,0.6376397218547202,1,0,3,0
15628,-2.9707929967947586,0.3984096451406274,1,0,3,0
13258,1.9182565351690068,-2.3565741568761616,3,1,1,0
15493,-1.3240647242561692,-1.0745210254987447,0,0,3,0
12510,-1.532506717882507,-0.7975206718489084,0,0,3,0
15032,-0.0945333291102533,-1.5135619863750864,3,1,1,-1
13637,2.535739573069753,-0.2317516171627999,3,2,1,-1
12875,-0.0132891939613237,-0.9856275978916156,0,2,3,-1
16283,-2.435803675424544,-0.0943840571853984,1,0,3,0
12931,-5.485107420800722,2.980895652414184,1,0,3,-1
17146,-2.744433860862064,0.1563294189709638,1,0,3,0
15582,-0.1495213184852407,0.4445929865071438,0,0,0,0
14232,-1.0858160474600234,0.8602312944305762,0,0,3,0
13199,-4.399813724309534,1.951675109988465,1,0,3,-1
13305,-3.7735299882131663,1.671547343605239,1,0,3,0
14414,-3.707242419861593,3.359956953819893,1,2,3,-1
15722,-2.520845444327824,0.2460321139379347,1,0,3,0
15258,2.0157710109568656,0.5836443999256211,0,2,0,-1
17213,-2.054281202206034,-0.0038874494933061,0,2,3,-1
18112,0.4773881573472906,-1.6571842023383558,0,2,0,0
13709,-4.026979707893668,2.7853297875721057,1,2,0,-1
16278,-1.744336308191544,-0.8405272596393284,0,2,0,-1
16305,3.8002025408401705,3.579527186706164,2,3,2,3
16239,1.0340651719171836,-1.908739389643301,3,1,1,0
13052,0.0106563836526863,-2.1656113574896407,3,1,1,0
17774,-2.939112099066267,0.4077571684270537,1,0,3,0
18265,3.763389613554207,3.639731869959628,2,3,2,3
14854,-1.8864840054746372,-0.3434235379033091,0,0,3,0
12908,0.2165236653314349,-0.4969916787771433,0,2,0,-1
16447,-0.4515013720340692,-2.7068926079177964,0,2,0,-1
15238,-0.5837902748691653,0.978728634687688,0,0,0,0
15969,1.4405293477869914,-2.5375554663101387,3,1,1,0
14970,-1.3323098237367863,-0.7233543674744968,0,0,3,0
12381,1.9733281821918351,5.353452777983316,2,3,2,-1
13626,2.31320008105725,-1.9305638284964288,3,1,1,0
13681,4.38391828956894,3.1221721649219845,2,3,2,3
15549,-1.0373495577735736,-0.7158263751391569,0,2,3,0
14625,-0.5021045886760379,-1.9111641405657849,3,1,1,0
14332,0.1641652872551923,-1.261104776839993,0,2,0,0
16644,1.8857917631674808,0.7289893540119301,0,2,0,-1
16581,5.585230540142891,1.6649238131577146,2,3,2,-1
16455,-2.497890197983624,0.0171643337686595,1,0,3,0
14463,-1.0274892113335077,-0.2318358022419717,0,2,0,-1
14577,-0.5322349877928357,-1.9425501477927092,0,2,3,0
16029,-8.857561769378906,6.644365228991208,1,0,3,-1
16642,2.011365451200504,-2.0996800330244367,3,1,1,0
15799,1.1637533141258822,-1.9243970543311468,3,1,1,0
16567,1.8750166659250187,-1.5223401343948446,3,1,1,0
17243,-4.863123798213647,1.7924834402772738,1,0,3,0
13752,-0.8718586200847215,-1.090024505147137,0,2,3,0
15263,3.343545510031908,4.015631655952476,2,3,2,2
17744,1.4415402056353388,-1.5076119770373493,3,1,1,0
15925,5.417488049964348,1.944465895154464,2,3,2,1
17738,-1.8450784954084032,0.1834391081405732,0,2,3,0
12763,1.0986095565437497,-0.9053447003376712,0,2,0,0
13592,3.4178517386839284,-0.9383769985269476,3,2,1,-1
14265,-1.9831553431026263,0.0126363731615531,0,0,0,0
15394,-0.2973196247194643,-1.940965547704072,3,1,1,0
12968,3.737235315820578,3.954911449295584,2,3,2,2
12444,-0.6568539988970754,3.93663983080242,0,2,0,-1
16407,-2.401496596213656,1.0837576811134273,1,0,3,0
16010,0.7980677302344222,-1.779213905068368,3,1,1,0
15663,3.4791233581494305,3.9627869391811616,2,3,2,2
15026,1.5692173054309948,-2.121276543875924,3,1,1,0
15078,-5.11865566618949,2.266678451465788,1,0,3,0
17050,-2.96141996459337,0.2651852456950296,1,0,3,0
13055,1.438615650307626,-1.8866163004120835,3,1,1,0
14620,2.405584853447571,-1.6110504146244244,3,1,1,0
16875,-1.445191141547942,-0.7099346097494643,0,2,3,0
14981,2.6650597589224363,-2.378387119467183,3,1,1,0
13694,-7.842917185198148,5.012609249147223,1,0,3,-1
17576,-4.2869648841422725,1.3164263307129958,1,0,3,0
17160,-3.808932535618432,1.0276384280254824,1,0,3,0
16532,-0.8309095098114879,1.1013499502336357,0,2,0,-1
14849,-5.588830214981281,3.0322698862506865,1,0,3,-1
16145,-3.510162147184253,1.4859702250641134,1,0,3,0
17389,-5.649754193658417,3.021077248135645,1,0,3,-1
14198,-0.4758815756802943,-1.40402778008713,0,2,3,0
17958,-0.6074324531601818,-1.1473284785768876,0,1,0,-1
12714,-3.748675747289737,1.0943557917444156,1,0,3,0
14013,-1.7888558267202408,0.1034556840463027,0,0,3,0
12684,1.446338028544364,0.9003723772981533,0,2,0,-1
16647,0.6611822521152069,-1.9058056079012928,0,2,3,0
14422,-1.761568980911188,-0.6753711818381595,0,0,3,0
16147,-1.1899323255772278,-1.094296552929909,0,2,3,0
17765,0.5362950786224839,-1.6815285484879008,0,2,3,0
13070,1.0882033248244944,-2.822974969888559,3,1,1,0
13731,3.068046191458675,-0.2163031583070314,3,2,1,-1
14481,-0.789077636060041,-1.0148132250105626,0,2,3,0
12598,-0.8246758353335469,-1.2273583912482682,0,2,3,0
13047,-2.454202917365406,-0.2490377543809936,1,0,3,0
12358,-0.7158329873925325,-0.8130793791550579,0,2,0,0
17961,-3.140154018670427,0.0320301167970078,1,0,3,-1
15641,-2.973916317880122,0.2846447126036631,1,0,3,0
17024,2.0287475410601514,1.35273180746061,0,2,0,-1
12977,0.2722008782841267,-2.2234267824271265,0,1,0,0
14034,3.2160690330690365,4.165290562611792,2,3,2,-1
13663,-0.4978483990973107,-1.414913666846643,0,2,3,0
13126,0.4343013152384116,-2.0249210981370678,3,1,1,0
15668,6.432617219098344,1.614196094230753,2,3,2,1
17341,-0.8896646066084437,-0.8750365317682811,0,2,3,0
17844,4.149986445422973,3.357108969489197,2,3,2,2
14551,0.7957907689230801,-2.7573250398450004,3,1,1,0
12689,3.44335932151432,3.80927861038274,2,3,2,3
13217,-0.8919151386540709,-1.2877902007648332,0,2,0,-1
13358,5.346977598104394,1.8400479589232723,2,3,2,1
12697,1.321669076369482,1.8072270636799104,0,2,0,-1
14541,-0.9333334093336648,-1.1937966438632432,0,0,3,0
18097,-1.7987757648065064,-0.597847160204873,0,0,3,0
12700,0.9348063290115528,1.1523611886564562,0,2,0,-1
15178,6.772001038312252,0.9749327402913316,2,3,2,1
15184,1.3076421639929214,-3.271040769482468,3,1,1,0
17115,-0.0727767897513541,-2.4739042439810346,3,1,1,0
16643,2.046268477427094,-2.059457106274935,3,1,1,0
14031,-3.272858487314892,0.3227764270352503,1,0,3,0
14220,1.3427013089474025,-2.462583856274568,3,1,1,0
16745,-3.4683245308211506,2.418413936328417,1,0,3,0
14591,5.288852054807935,1.727215411223214,2,3,2,1
14682,0.4075929416562977,-2.352492090255485,3,1,1,0
15918,1.0763187191432992,-3.523925456486812,3,1,1,-1
13340,-4.855257281589447,5.056787303355622,1,2,0,-1
16005,0.1418440735153031,-1.6734886331910568,3,1,1,0
15149,-0.9887471142702688,-1.5974679822566653,0,2,0,0
13771,-0.2181310661489455,-2.0293277049217866,3,1,1,0
17700,-3.196705543372236,0.3918418622409022,1,0,3,0
15955,-4.496902212637324,2.383977788055368,1,0,3,-1
17142,1.1501976351730352,-2.467730524903889,3,1,1,0
13928,1.1094978865245957,2.2571601708682474,0,2,0,-1
16660,1.3195956603964814,-2.4818157177761564,3,1,1,0
16206,-1.406054364024719,-1.065967988625515,0,2,3,0
15734,-1.4447573434802543,-0.0114720216090931,0,0,3,0
12583,-3.843814954457407,1.4188575882267171,1,0,3,0
16418,-1.500446172803385,-0.3050936961125454,0,0,0,0
15952,1.714689440187834,-0.7017485571893324,0,2,0,0
12915,-0.1103045236908914,-1.3622366460281825,0,2,0,0
17556,2.641897426723575,-2.1434146274584465,3,1,1,0
14341,-1.8334062810075624,-0.7407150042209787,0,0,3,0
16928,-4.627071101433744,2.1237919570624704,1,0,3,-1
17883,1.5874290367003854,-3.400652932500908,3,1,1,0
14962,2.2549776471937246,-3.2088710168876804,3,1,1,0
14177,-3.3128591315989677,1.174129192595446,1,0,3,-1
14534,-3.8606381046431664,1.185637031249736,1,0,3,0
15215,-2.284830300187356,-0.2777478036685871,0,2,0,-1
16386,2.182448191234493,-1.9143004429470811,3,1,1,0
13837,2.7268184938127824,-1.8984025652721608,3,1,1,0
13099,3.4582331191093,4.597160559048637,2,3,2,-1
16378,2.6640709318595848,-1.7718998765249598,3,1,1,0
17218,-0.1985742509969819,-2.0521505898974466,3,1,1,0
13499,3.270920353388295,-0.5510539618189105,3,2,1,-1
16592,-2.140846877625647,-0.585991818214038,1,0,3,0
16550,-3.5966458653930697,0.618203211192467,1,0,3,0
12971,-7.239204554428928,4.719251924975992,1,0,3,-1
15689,-0.2732811161256739,-0.6278713310641071,0,1,0,-1
12729,2.719014729022548,4.632095777687394,2,3,2,2
17133,-0.4144088769813632,-1.0468668680835604,3,1,1,-1
16739,0.8579090207389573,-1.520780101051909,0,1,0,-1
12585,1.5820766584955004,-1.3806949783769442,3,1,1,-1
12917,-1.396075207093911,-0.6112172142529848,0,2,3,-1
14816,5.603007843094735,2.157129156816592,2,3,2,1
13534,-3.170333738597064,0.9952958068115472,1,0,3,0
15730,-1.7326917068930705,0.1022667575127232,0,0,0,0
16317,-2.183145914394128,0.5912567728852572,0,0,3,-1
16040,-0.6620951645667088,-1.0688185975470403,0,2,3,0
17293,-3.126873493158501,1.2508243413072966,1,0,3,-1
12901,-3.0479532800713574,2.66163676380694,1,0,3,-1
14895,-4.597895997147803,1.767102794584132,1,0,3,0
12849,0.8654067919922259,-2.181423283767367,3,1,1,0
13089,-8.162811182878487,4.951219778668237,1,0,3,-1
16698,3.112285823297285,0.5894471131437947,3,2,1,-1
17353,-1.2968899637359388,0.1767706504858613,0,2,0,-1
15261,-0.4716784794383349,-0.9691338633313772,0,2,3,0
13601,1.2749500987135662,-2.374545202132807,3,1,1,0
14609,-0.8037625719947576,0.0138573987394142,0,2,3,-1
16292,-1.385677872719263,-0.3235071367035404,0,0,3,0
13652,0.9517705069479464,-2.6107840546659604,3,1,1,0
15632,-1.3149399086740408,1.060939754281634,1,0,3,0
16384,1.646343991367936,-2.3404350221174144,3,1,1,0
15703,6.065314013257584,1.6706580672636069,2,3,2,1
12922,3.864828354060207,3.5172010731759045,2,3,2,3
17516,-0.8633691022179184,-0.257372847384389,0,0,3,0
16898,-0.0113363189721632,-1.6424334946290318,0,2,3,0
12955,-1.942713154286448,1.3937418899330405,1,0,3,0
15424,1.9384123965810012,-2.8224462361269422,3,1,1,0
16279,-1.1658679063154138,-0.6005112823507945,0,2,3,0
13211,-2.8440167131358867,0.2353721582977535,1,0,3,0
16882,3.076069502558447,-1.9487151595539465,3,1,1,0
15623,-1.1909905219731918,-0.9723061615103568,0,2,3,0
16503,-2.2887938567629056,0.3343252472122082,1,0,3,0
12664,-0.5361770987259464,-1.0512607835068244,0,2,3,-1
12468,-0.0089801918435729,-2.0556908109935184,3,1,1,0
16659,6.395765024421757,1.3883561154177924,2,3,2,1
14117,4.994393188027213,2.8534085719785414,2,3,2,3
14196,3.0827144461571674,4.660736232351128,2,3,2,2
16225,-1.8048826823235284,-0.1702350949142073,0,2,3,0
17277,1.9293103377155305,-1.4619368200541782,3,1,1,0
13887,5.163540813006097,2.093152185097694,2,3,2,1
15452,1.226559735362854,-2.210014797214329,3,1,1,0
14709,-4.189413651784051,1.6399310678002006,1,0,3,0
12794,2.586822603956359,4.595770052436775,2,3,2,2
16464,3.432957593984903,3.456246942785115,2,3,2,3
17527,0.0679301129188899,0.5254493211941283,0,0,0,0
16582,3.2407591352960035,4.551064968299439,2,3,2,2
14772,3.586720867407428,3.910348733900487,2,3,2,2
16041,2.48530333893396,6.4554960675340265,2,2,2,-1
17887,4.495273238922571,2.9332206633820315,2,3,2,3
17596,-1.651945905512612,-0.915367465071514,0,0,3,0
16265,-2.5598080730036408,1.1727235246579826,1,0,3,0
17663,-1.2965981668972055,-0.8190261830184687,0,0,3,0
14076,4.075652514772038,2.835153245369478,2,3,2,3
16825,0.9129583681106076,-2.1064228888458585,3,1,1,0
13113,-3.718769063282479,1.2899560448534633,1,0,3,-1
14645,-0.1088814762733182,-2.0562017489813584,0,2,0,0
16326,-3.8753296940650337,1.5696800465092688,1,0,3,0
16395,-1.6628852077993252,-0.990922314922071,0,2,3,0
15608,-0.4773937084079141,-0.0496764280563908,0,1,0,-1
12948,-2.190364653335653,-1.1038978551522505,0,2,0,0
13589,0.0477468748957951,-1.8009992212151749,0,2,3,0
16182,-1.4600037765299188,0.0432734408333135,0,0,3,-1
13911,-1.6952209515608914,-0.545107952975852,0,0,3,0
12539,-0.3945295630993609,-2.080201097311406,3,1,1,0
14692,-0.8781006501752047,-1.0503397662223135,0,2,3,0
15437,2.412002747022144,-3.395526738997181,3,1,1,0
14146,-0.2528561934550333,-1.9285012774621355,3,1,1,0
13873,-1.2150237686429113,-0.4922587357865313,0,0,3,0
16344,-0.0630074321111039,-2.0526905734806333,0,2,0,0
14713,-3.23619541023829,0.2551046592822601,1,0,3,0
15570,-2.007132381355022,-0.5211629785079049,1,0,3,0
13451,-2.1368366511258343,-0.4085301179841431,1,0,3,0
16686,-3.772631411506623,0.6918418138680743,1,0,3,0
13678,4.105657041085145,3.3668159118326635,2,3,2,3
17709,0.1706151058921211,-1.800412668404079,0,2,3,0
13662,0.302151160249533,-2.202205374765107,3,1,1,0
17580,1.8393256520250785,-2.1448193513426075,3,1,1,0
12701,0.7136645586053266,-2.674445280779419,3,1,1,0
15976,-0.6531441959249501,-1.3237031101262065,0,2,3,0
14479,0.9094369355783845,-3.29004100709834,3,1,1,0
14286,-0.3035436708891777,-2.177636007622185,3,1,1,-1
17489,5.4418221892100025,1.8452234828307743,2,3,2,1
14616,2.2234135094699665,-2.333816779868614,3,1,1,-1
14273,1.07086147424434,-0.6895379331017912,0,2,0,0
17865,-5.1905962377928345,2.3046496161849364,1,0,3,0
16531,-0.7460634100201337,-0.4926467296807805,0,2,3,0
16836,-0.4991657562841959,-0.9415916523696732,0,0,0,0
16984,-2.7554560272309807,0.9582519567216092,0,2,0,-1
13404,5.589312751287364,1.9020371698717349,2,3,2,1
17061,-1.788750846556259,1.6883694403337657,1,0,3,-1
14651,0.2552592033008956,-2.275216991076368,3,1,1,0
15252,0.5093137980655374,-2.415062140845083,3,1,1,0
17972,5.653615962889091,1.3902642687976188,2,3,2,1
17284,-2.251737523154619,0.8602379373330152,1,0,3,0
13611,-1.1707290842996343,-0.996368587641013,0,2,3,0
18248,0.6873737331754879,0.0416650747141599,0,2,0,0
15045,1.3021546779342228,-0.3637370178967172,0,2,0,-1
13510,-2.7973054413328127,-0.0157634990745649,1,0,3,0
12642,2.759625204055033,4.5179603238750925,2,3,2,2
17597,0.3161575781025891,-1.9341218197594885,3,1,1,0
16426,-2.433661142598155,1.771900951184756,1,0,3,-1
13122,-0.3662558445108002,0.1600713143186613,0,0,0,0
15198,-1.7801505139832772,-0.3522821573453228,0,2,0,-1
13865,1.1103871715679892,-0.9422598542488506,0,2,0,0
15389,-0.1871379714549391,-0.5890786611388643,0,2,0,-1
15208,0.9115082588010386,-1.2981858312744454,0,2,0,0
17731,-0.9265190495093828,-2.167168014635647,0,2,0,-1
12394,5.229233716477692,2.025665631769388,2,3,2,1
15307,2.8367840483209603,4.3478717544612,2,3,2,2
12653,-0.8432718919002702,0.0792801419797469,0,2,0,-1
14133,-0.8831850172857978,-1.7146714270686607,0,2,0,-1
14217,-2.142663953223389,0.2994421593410604,1,0,3,0
17941,-0.4067773364932027,-1.7831237464819631,0,2,0,-1
18075,-2.7480220298685354,0.8333147379994599,1,0,3,0
13244,2.562333124745212,4.016334952112812,2,3,2,2
18178,-1.876859595121206,-0.4338394830339779,0,0,3,0
16103,-1.5747490132030897,-0.772170040743179,0,0,3,0
14258,-2.602243645023575,0.1959414175578223,1,0,3,0
16474,3.545713407660058,3.3438791772527345,2,3,2,3
12987,0.9212205500283096,-2.652001323789283,3,1,1,0
13486,0.9838408255132484,2.2267762490555314,0,2,0,-1
15861,-1.4211002584644037,-1.3133644596535483,0,2,3,0
14972,1.5267226704373071,-1.4498330584005166,0,1,0,-1
12976,0.0726090356597405,-1.9817064315561943,3,1,1,0
12924,0.2370386446976737,-1.999638761700344,3,1,1,0
13780,1.1715104965153755,-1.2814285682672055,0,2,0,0
12980,-2.0096579287683367,0.2141928993358128,1,0,3,-1
17252,0.6303295421672496,-0.1803301596792188,0,0,0,-1
18227,2.7153066384568825,-2.517451464731239,3,1,1,-1
14562,-3.3577295795148845,0.7277881162721332,1,0,3,0
14226,0.9367490213034092,-1.814428674112608,3,1,1,0
15747,-2.3955784549121715,0.5011699751182267,1,0,3,0
17017,-2.3128173304785227,-0.3632015969767044,1,0,3,0
14656,-0.1254919656726974,-1.312745045745086,0,2,3,0
17259,-0.8821501191494423,-1.30888121153604,0,2,3,0
14342,0.3852172420773047,-1.520603273199403,0,2,3,-1
12372,2.093092010025253,-1.3220122820535185,3,1,1,0
14159,-4.172032693859486,0.9187532797716116,1,0,3,0
14029,4.582767836901522,3.1282894391771694,2,3,2,3
13410,0.4094888196394196,-2.3142998338954617,3,1,1,0
17071,-1.3818183146292324,-0.8357238442264483,0,0,3,0
13185,6.776303662865407,1.3079539689438349,2,3,2,1
16302,4.044628813573755,3.388208125019521,2,3,2,3
17345,-2.2681575991637777,-0.6792818243318922,0,0,3,0
17615,0.098067818734514,-1.3507358118064647,0,2,3,0
17147,0.2726121721144612,-2.1056460603335965,3,1,1,0
15577,-0.4596697149855887,-1.978033893601894,0,1,0,-1
13124,0.9741179421401918,-1.4319034784750038,3,1,1,0
16820,2.1059645978390664,4.9995017683176926,2,3,2,2
16619,0.9767686723093248,-2.600888308681282,3,1,1,0
17368,-2.943929297535236,0.2078787059055875,1,0,3,0
13491,-1.566438418991246,-0.9931844007938252,0,0,3,0
12770,1.2919271634709362,-1.5402453695951062,3,1,1,-1
17486,5.407490158946223,1.8322690689865235,2,3,2,1
12359,-0.597740732906012,-1.7344611061715154,3,1,1,0
18211,1.4741415948136585,-0.7409050499236369,0,2,0,0
12994,-0.0286151332009307,0.1077246483138388,0,0,0,-1
13218,4.890094082091295,2.697805821279172,2,3,2,3
14738,-0.6507908796440746,-1.6524036342969608,0,2,3,0
12553,-2.029233783080389,0.7879020412197835,1,0,3,0
14844,-2.0283650030748497,-0.1432591230083191,0,0,3,0
16333,-2.7011955560570944,2.322264464154703,1,0,3,-1
12589,-1.3601230550166798,-1.3039956043250824,0,2,3,-1
17991,1.6767562289859728,-3.9920851759598577,3,1,1,-1
18024,3.345266648324383,4.08560418862466,2,3,2,-1
17763,2.4953132571925414,-4.297887852127477,3,2,1,-1
14818,-0.0187628863907692,-1.6496869329761144,0,2,3,0
12576,-2.111744585905569,0.5571867861187946,1,0,3,0
14871,-0.3584683233630031,-1.7199331949279448,0,2,3,0
16809,-0.6803829420102993,-1.3720275372275914,0,2,3,0
16427,4.102795302588815,-0.6188436118953309,3,2,1,-1
17886,0.8655435327165948,-2.445286943210475,3,1,1,0
18196,-2.1153794515981006,-0.0449069316433188,0,0,0,0
15517,5.338217719666109,1.803027261846756,2,3,2,1
15594,-0.8316473628127047,0.71667335750133,0,0,0,0
13740,0.8193229770744311,-2.549233183253519,3,1,1,0
14921,4.43975515236282,2.530995937727261,2,3,2,1
13572,4.453797662860276,2.7459752279004745,2,3,2,1
15014,5.212946824540589,2.8599695865315065,2,3,2,3
14194,-4.439245436598319,1.6002257637285386,1,0,3,0
17655,-1.3816220016936975,0.3963630594824816,0,0,3,0
16394,0.6891534907269287,-0.5484067540717941,0,2,0,0
12750,3.9425462697827824,3.480806441936953,2,3,2,3
16009,3.654337113270624,3.4855732556725263,2,3,2,3
15325,-2.2172654247361163,-0.4108438868148646,0,0,3,0
14009,0.9951433992635996,-2.6987143236432773,3,1,1,0
17229,0.2271039980649073,2.257233354586932,0,2,0,-1
15079,-0.1175126124654813,-1.9890470309049175,3,1,1,0
16823,0.2665111510553445,-2.429086434567063,3,1,1,0
17624,1.1421384232021472,-2.826713460985508,3,1,1,0
17703,-1.4042221490583235,-0.0461934107621555,0,0,0,-1
12891,0.9421585982208198,-2.084109063940426,3,1,1,-1
12477,-3.619494844513,1.340807090435139,1,0,3,-1
15581,-4.120516938844456,1.197884896498603,1,0,3,0
14587,0.5669230143880891,-1.374348353513887,3,1,1,0
13141,-0.7051233240931505,-1.6950417186952116,3,1,1,0
13555,-0.5928162054900776,-1.7157692178384756,3,1,1,0
18087,-3.5008948700431715,1.4423543169301574,1,0,3,-1
15938,-0.7867411494999258,-0.5758328771803436,0,0,3,0
13379,4.388083193505001,3.005890622827571,2,3,2,3
16016,0.6904741725432488,-1.7784994545209536,3,1,1,0
16713,-3.833922240179312,0.7866671939984916,1,0,3,0
18242,0.3055671068427752,-2.295440463144369,3,1,1,0
17749,0.272011572374605,-2.025467524524461,0,2,0,0
15002,-2.740969118238722,0.3306043453356663,1,0,3,0
15472,2.4819343857613068,4.42771622254549,2,3,2,2
12732,4.576703619485891,3.0491643673839084,2,3,2,3
13869,-2.3979024580578643,-0.377039689026385,1,0,3,0
13439,1.4983840179041503,-2.285126044754511,3,1,1,0
16006,2.1966492546128884,-2.327303252992221,3,1,1,0
16523,-4.031493904317442,1.4996688430552885,1,0,3,0
13117,-1.7524913512578475,-0.2739459754007832,1,0,3,0
16038,2.52952553071881,0.5202920219274975,3,2,0,-1
17656,-0.5989449199075152,4.103352371867922,0,2,0,-1
14952,-1.085261731415937,-1.317332594853433,3,1,1,0
13132,6.539049447960474,1.2644234425512098,2,3,2,1
12722,-0.654954402432437,3.733696835319038,0,2,0,-1
14512,0.4312161370248831,-2.3978097790764616,3,1,1,0
13571,-3.3576891094588546,0.3347730425168254,1,0,3,0
13420,2.457421257097902,1.1387092529743816,0,2,0,-1
17140,5.359863490846441,2.0326801041683265,2,3,2,1
13221,2.096044996906884,-1.7906966846258423,3,1,1,0
14573,-0.9176577638123182,-1.615088624220197,0,2,3,0
12739,-2.137154967127436,0.4210042005110523,0,2,0,-1
13343,4.143242887977756,3.2703289241400664,2,3,2,3
18129,5.950922093297683,1.38307793691254,2,3,2,1
13995,-2.580536887579344,0.2190806002094853,1,0,3,0
16022,4.956910464445137,1.931364651548747,2,3,2,1
15513,-5.099436650341533,2.4448305307500706,1,0,3,0
17960,1.0951039676572631,-2.88950480849725,0,1,0,-1
12507,-0.90799264632278,-0.5706518117034233,0,2,3,0
16987,-0.9499031736446516,-1.4662344103610174,0,2,3,0
18116,0.4787770725016959,-1.670933470526688,3,1,1,0
12384,3.3964298812611173,4.096629819389997,2,3,2,2
14837,-2.7212901153713003,0.220239125325453,1,0,3,0
16033,-3.932645705188804,1.7831551708615307,1,0,3,0
17693,4.116495799478743,3.181297635731391,2,3,2,3
17675,-5.717820403413492,2.809610869220004,1,0,3,0
16446,7.276651277156422,0.0727927318833322,2,3,2,-1
14348,5.465231885568581,1.8819871735571727,2,3,2,1
17869,-1.5043082352262664,-0.0493596528711388,0,0,3,0
14180,-3.0800414952951223,1.031406489460503,1,0,3,0
14622,5.03204946822337,2.152006651836888,2,3,2,1
16174,-1.794363353788931,0.3338287484176055,0,2,3,-1
16814,-3.6293814203285577,1.0882562491637862,1,0,3,0
14191,-3.103774931735682,0.4006954951921315,1,0,3,0
15197,0.9852915502512852,-2.8606645515652804,3,1,1,0
17227,-0.3525365969598875,-1.38567431983004,0,2,3,0
15147,5.029446130064045,2.154969304053531,2,3,2,1
16551,-2.781957959792416,0.6799932319957052,1,0,3,0
16722,-3.96188189746096,1.3617277420065437,1,0,3,0
17593,-2.419340706948581,0.5313117394156858,0,2,0,-1
13273,3.448690606619273,3.85358890916218,2,3,2,2
15768,-3.5647661816408864,0.1860971023371393,1,0,3,0
12493,2.350141340715913,0.6059484913431612,0,2,0,-1
18135,1.1137165331101453,-2.457298949257719,3,1,1,0
14523,3.1222631294827816,4.337089585873136,2,3,2,2
14223,-1.4313538232423917,0.9507207726483108,0,0,0,0
15144,-4.257977004253196,1.6594616858370344,1,0,3,0
16700,-3.352713903344821,0.6653838470036073,1,0,3,0
17678,2.4199495857561963,-3.0098708214602303,3,1,1,0
13121,5.356247074050826,1.5472194341143342,2,3,2,1
16131,-3.2824804938475776,0.7650059184717166,1,0,3,0
15895,4.434267677040571,3.096065460714315,2,3,2,3
13831,-1.7179252472269635,-0.7204859318501563,0,0,3,0
17720,-1.899028404426388,0.0553468986822335,1,0,3,0
13762,0.4570385631105546,-2.6991695128197897,3,1,1,-1
17410,0.0694410061022801,0.3083377261863335,0,0,0,0
12974,2.143969428762761,-2.9387577008306813,3,1,1,0
12744,-2.1820927553405705,0.0714409368035459,1,0,3,0
15027,-0.7494413857133772,-1.0297593260098894,0,0,3,0
16711,-0.7453507488213118,-0.9916693632892544,0,2,3,-1
18236,-0.9517955786227495,-0.8481003475048497,0,2,3,0
16833,1.0304034764565049,-2.3846903681710097,3,1,1,0
14189,-2.90921063294481,1.5573593908802044,1,0,3,0
15639,-0.3808017536452506,-1.5156095963920144,0,2,0,0
16308,-1.927170616051218,0.7551694764046414,1,2,3,-1
15314,1.3404168583928149,-2.5010010328585306,3,1,1,0
16008,-0.3419475927546801,-1.6658550238946592,3,1,1,0
12712,-2.975489548348351,0.3975925552272112,1,0,3,0
15745,5.441088674899354,1.8571236911167972,2,3,2,1
13324,-0.21426009642182,-1.165040717874453,3,1,1,0
14240,2.291247466493086,-2.177251782546641,3,1,1,0
12904,4.187176642005596,3.058951646931505,2,3,2,3
14395,-1.5068443970853058,-0.7052538745629028,0,0,3,0
15132,-0.5386204071581139,0.4418793224091112,0,0,0,0
15660,-1.1086100840802215,-0.9073970262320942,0,2,3,0
13527,-3.1681472564215283,0.7032304610523246,1,0,3,0
14404,-2.5691530354889496,0.2422432100043334,1,0,3,0
13562,-1.3636960749978642,-0.9190130237769616,0,0,3,0
15157,-0.8205027815257694,-0.9217082442569664,0,2,0,-1
18270,3.0750461108079583,-2.508148041100867,3,1,1,0
16034,1.2178105472988985,-1.850832717676664,3,1,1,0
13742,-0.5817500828875971,-0.1654205338150671,0,2,3,0
15380,-0.8700004748086566,-0.8843045581438271,0,2,3,0
14116,-0.5749016362676043,3.490491342889382,0,2,0,-1
13249,-2.43798792319901,0.5336640844808633,1,0,3,0
15912,-0.3358418855428123,-1.7876372553596616,0,2,3,0
15315,3.17400617816912,4.194066008257976,2,3,2,2
16780,-0.8085446946216618,-0.1444637886690195,0,0,0,0
17646,-0.1419832986270977,-1.871660763554504,3,1,1,0
15421,-0.1938943265192244,-2.021495264560243,3,1,1,0
17637,2.8777225694537085,4.453496141376533,2,3,2,2
12939,-2.227888965200484,0.7393136376694032,1,0,3,-1
13568,4.2686477340876925,2.840552826647916,2,3,2,3
14905,-0.6965145643842475,-1.1898645085613666,0,2,3,0
16319,5.632847106115232,2.2784324366510176,2,3,2,1
14912,1.024552030399037,-2.5824129718119875,3,1,1,0
16769,1.0881772402101093,-3.2582794504846,3,1,1,0
13216,5.874658225526955,1.912147024143163,2,3,2,1
13461,-1.3640166437755596,0.1583931705420627,0,2,3,-1
14517,4.143834660228485,3.333382513374847,2,3,2,3
17956,7.301563997310883,0.6187474627705969,2,3,2,-1
17282,-1.466761854039702,0.2230132278774107,0,2,3,-1
17169,1.736843954288754,-2.8963400710469624,3,1,1,-1
12604,6.004653596474401,1.507838723743639,2,3,2,1
18073,-2.6438710449971605,3.1833143176260874,1,0,3,-1
16907,-0.4261269346516048,-1.1417384122785348,0,2,3,0
17783,2.662107633070278,-3.046866892596453,3,1,1,0
17613,-1.6805443682272485,0.7912442555242843,1,0,3,0
16036,1.2953095329200175,-2.356295989901576,3,1,1,0
15163,5.564681328118116,1.8321874367367332,2,3,2,1
13500,0.532888650464139,-0.8921576900871668,0,2,0,0
16063,5.46501797047066,1.7774516926830763,2,3,2,1
15706,2.6810711948170893,4.627203519222755,2,3,2,2
17652,-0.5611615722699878,0.1938198791459731,0,2,3,0
13525,6.014671714959271,2.01552230480685,2,3,2,1
13072,6.06748443457043,1.5418778188884463,2,3,2,1
12521,3.493190788627716,3.809717975329421,2,3,2,3
17230,-0.3802313466246946,-1.777607556959904,3,1,1,0
17360,0.8310834735602012,-2.2891311840600848,3,1,1,0
14759,-0.209802777327302,0.5211756506089592,0,0,0,0
15033,-1.791371284631193,0.8034896671760057,1,0,3,0
14998,0.1084935684315956,-1.7959628480731868,0,2,3,0
17029,-1.5698411105687966,0.0238149019701962,0,0,3,0
13784,-2.4847188233997533,1.4214277839948806,1,0,3,-1
17287,-1.6933355473758465,-1.083394471388632,0,2,3,0
13062,5.184646649528411,2.258038426964696,2,3,2,1
15139,3.154467452070339,-2.1107740156345995,3,1,1,0
16948,-0.21674771191623,-1.231595794845461,0,2,3,0
16511,-0.7042819990363218,-1.5163598465315262,0,2,3,0
14696,-1.2565899544282153,0.2696292328200106,0,0,3,0
15596,-1.6446182645621312,-0.1583997029330092,0,0,3,0
14964,5.73389534227463,1.659071427097241,2,3,2,1
17962,-0.6058197644889382,-2.519259536109693,0,1,0,0
17935,-0.792780051049018,-1.319036866605147,0,2,3,0
17248,-0.3551966220242593,-0.6584104824209702,0,1,0,-1
13265,1.3597830466601972,-1.0146198622830465,3,1,1,0
14235,-1.3802358242694353,-0.5968824738997746,0,0,3,0
14834,-0.4111857633248171,-0.2098140158607755,0,0,0,0
15724,2.257117458815343,-2.183958139667112,3,1,1,-1
12418,-1.9756628234475917,-0.1113593160138426,0,0,0,0
14351,5.61196351273095,2.5030697664473807,2,3,2,3
17819,-0.3820054334999073,-1.5604257184555956,3,1,1,0
14387,2.50072352864262,4.6561645599919785,2,3,2,2
17460,-2.311673239067373,-0.1744205698303429,1,0,3,0
15898,-0.6720675755053023,-1.946397350451063,3,1,1,0
12422,-3.209008419966953,0.9847090498686942,1,0,3,0
15572,-2.3664201615237714,0.0216266041269291,1,0,3,0
12679,2.03599292465097,-1.324097963336181,3,1,1,0
13875,-1.666203760524536,-0.7574634415687516,0,0,3,0
15125,-4.314856430523832,2.186372368435894,1,0,3,-1
17686,-2.6301483313165326,0.6339321899108056,1,0,3,0
15777,1.100843057390569,-2.0506395074902284,3,1,1,0
13658,0.055118841396716,-1.9367964728032447,3,1,1,0
17775,6.606488164277391,1.1657080191121445,2,3,2,1
13546,1.4281561362554138,-2.4401042346450685,3,1,1,0
16356,1.312736334911593,-2.5623633228560148,3,1,1,0
16629,2.459597516748334,4.294331949685133,2,3,2,2
14199,1.473532372430296,-2.359818217495241,3,1,1,0
15696,0.0933568423364711,-2.048922971033637,3,1,1,0
13975,-2.110628197841259,-0.5351539749313265,0,0,3,0
12654,2.3096894483588897,-1.972351599202072,3,1,1,0
15120,3.743385132651111,3.6011451238211016,2,3,2,3
15298,-3.6152320936769615,0.8521594785613299,1,0,3,0
16902,1.7216062795292373,6.054341462116587,2,3,2,-1
12461,3.5562861434769557,3.85091140795654,2,3,2,3
14105,-0.1035839528360101,-2.0605200143000144,3,1,1,0
16385,-0.014475548280897,-1.965692068587357,0,1,0,0
18081,1.3667159095395875,2.244084208644773,0,2,0,-1
14502,-0.0895517015118505,-0.8439797737715745,0,2,3,0
17263,5.7917156311778735,1.253698799090102,2,3,2,1
15840,4.324752585380286,3.112573760603212,2,3,2,3
15240,-0.3709725314115822,-1.8996892651352948,3,1,1,0
14543,-3.557122707579203,0.8644421020988972,1,0,3,-1
12447,5.256577806584114,1.9602952657989583,2,3,2,1
16392,1.7261981311569083,-2.528835158980385,3,1,1,0
13391,6.442224182071058,1.5638719009394084,2,3,2,1
13917,6.0444165670464285,1.5113797568381229,2,3,2,1
17701,5.346450010329266,1.887755446795318,2,3,2,1
18064,-1.3353462838775234,-0.689400988969687,0,0,3,0
16128,-0.936605847261514,-0.4514980857344415,0,2,3,0
16324,0.6293517276036906,1.635842354926471,0,2,0,-1
18282,4.5451437976210105,2.8866171982747297,2,3,2,3
14976,-0.501556913328845,-0.0379810912286442,0,0,3,0
17189,-1.712406306460412,-0.8668258696468135,0,0,3,0
13952,-0.9361378720899838,-1.429818415547712,3,1,1,0
17892,4.375519909322279,2.8243277001874403,2,3,2,3
15507,3.7965709639077847,3.4952595848249968,2,3,2,3
17660,0.7130051196930254,-2.717563653813177,0,1,0,-1
14583,-1.118811967062184,-1.23645810368921,0,2,3,0
15426,0.8738774299361514,-2.3807746130074587,3,1,1,0
15414,6.599368759899767,0.9635621215074444,2,3,2,1
15288,-1.035219327987159,-0.9607339087859808,0,0,3,0
17139,-3.06120130496034,0.3102378903504296,1,0,3,0
15364,-0.6700757666344866,0.7212001654904925,0,0,0,0
17725,-2.3489405539989083,1.819564712353659,1,0,3,0
14740,-0.3008227378968325,-1.7502363589273042,3,1,1,0
14334,-2.832842692458058,0.7421696546261801,1,0,3,0
15311,-8.668017347671396,5.428056197088485,1,0,3,-1
13149,-1.3363676985892734,1.2229315544957575,0,0,0,-1
13561,0.1799765285694008,-2.229139471010804,3,1,1,0
14305,0.2653735233947891,3.013274539501676,0,2,0,-1
13805,3.7951038631187206,4.107578456209494,2,3,2,-1
13224,3.0750051168005488,4.521996955508548,2,3,2,3
12935,-2.620208472175636,0.5589442797550541,1,0,3,0
12627,-2.267153013982633,5.545362779334352,1,2,0,-1
16114,4.8191620207453045,2.827451659828504,2,3,2,3
17706,-5.677900446083174,3.2613168007094355,1,0,3,-1
14745,-2.600649850506733,0.47674216759949,1,0,3,0
12352,1.4748470934704585,-1.588844989600941,3,1,1,0
13538,-3.122332706409109,0.8012457816199325,1,0,3,0
16842,-1.5508410245364517,1.297465872218664,0,0,0,-1
13046,2.546942132047178,-2.4276412813193278,3,1,1,0
15187,-1.7597162886976387,2.132880499543364,1,0,3,0
14262,-0.7477522784805147,0.8699728652736568,0,0,0,0
12871,2.455994619076283,-2.197132169826166,3,1,1,0
13116,3.5435411609020853,3.77654072831662,2,3,2,3
16332,-1.033392744702493,-0.389282906640844,0,2,3,-1
12886,4.654362482215949,2.302684383673227,2,3,2,1
13782,-1.104220769918382,-1.355128482332767,0,2,3,0
16610,6.132149706421108,1.4125067168887024,2,3,2,1
12830,-0.9355408820135932,6.026720170010172,0,2,0,-1
16775,-1.6834987159764223,0.3683906177863001,0,0,3,0
13310,1.2314203716293657,-1.8002212899917536,3,1,1,0
15381,1.0779921664432477,-1.9451905727532817,3,1,1,0
17929,-1.6806912056711665,0.0921601284237785,0,2,3,-1
15695,1.2216879280739472,-3.292689716695935,3,1,1,0
17266,0.359851327070611,-2.490824445328804,0,1,0,0
16682,-0.8349031046588262,1.2096624172303854,0,0,0,0
15826,1.3274505112369157,-2.4132561395573053,3,1,1,0
15729,2.452149533078616,-2.869656916371338,3,1,1,-1
12839,-4.21262616933717,1.4640510904978354,1,0,3,0
13194,1.288092794746377,-1.2175542323691988,0,2,0,0
13482,2.5563088181410274,-3.248876525241448,3,1,1,0
14819,1.6947256395622468,-3.2612098641605187,3,1,1,-1
16676,0.950906256839531,-1.6523264866547989,3,1,1,0
12982,0.3803834633437122,-2.1086127688435297,3,1,1,0
14201,-0.0429068834534202,-1.4267829946660449,0,2,3,0
14688,-3.5817030721082848,1.6983932472566947,1,0,3,0
18120,5.705788515006398,1.5009815612987407,2,3,2,1
12378,-1.5376726884563852,1.0734265634850115,0,2,0,-1
18177,-0.7613256651297787,-1.627643747197533,0,2,3,0
13842,-1.394912630288787,-0.8121219903175232,0,0,3,0
17572,-1.0943476144603463,-0.8562837278951524,0,0,3,0
14377,2.4281429829131644,-1.1530488834796753,3,1,1,0
15737,0.6133267084654729,-0.5033504237501898,0,2,3,0
17349,0.095740634776548,-1.6860658053219049,0,2,3,0
17092,-1.8831317287375635,-0.4317403660038343,0,2,3,0
13094,-0.4406291387667286,-0.1818753634878042,0,2,3,-1
15985,-1.058828106568475,-0.8084597866111949,0,2,3,0
12695,-1.4352181918469713,-0.8261135039314013,0,0,3,0
14389,0.7739715396750549,-2.5359047216410198,3,2,1,-1
16721,5.41672664159103,1.6363316118786138,2,3,2,1
14820,-0.0175357134627275,-1.5442031690203044,0,2,3,0
15530,-0.652440039346896,-1.1791880709451517,0,2,3,0
15705,5.775160075301726,1.8032637383377144,2,3,2,1
14662,0.66543700807603,-2.755435298652644,3,1,1,0
12705,-1.6593725960318069,-0.2595604351745132,0,0,3,0
13634,-2.6697397883777154,-0.0713588389350774,1,0,3,0
16611,0.3222635429220276,-2.224088938126888,3,1,1,0
14769,-3.660948154495365,0.7322456235853501,1,0,3,0
16142,5.072175921436642,2.0310749638224266,2,3,2,1
16684,-4.431390079674077,1.6880580435263286,1,0,3,-1
13627,-0.3006500684281339,-1.388868792539363,0,2,3,0
16287,-0.0653591761867594,-1.54650856081269,0,2,3,0
14406,3.652879575533401,3.949688083365519,2,3,2,2
14280,5.700180027380974,1.7675978068460068,2,3,2,1
13107,-1.1520881903204792,-0.5390920760589178,0,2,3,0
15825,3.927704589699898,3.6647988578877424,2,3,2,3
16496,0.71007232891637,-1.8872350909048177,3,1,1,0
13575,2.013606410078249,1.1605379675831238,0,2,0,-1
13851,-3.521393686014621,1.965090915115252,1,2,0,-1
14056,-3.2361151341552863,2.005166435534941,1,0,3,0
13764,-1.2519207853817378,-1.093866575928609,0,2,3,0
16701,-2.734348053195073,0.2487827747865697,1,0,3,0
12615,-1.1455796621456067,-0.790361464675637,0,2,3,0
13650,0.3671911788199096,-2.1670157256210656,3,1,1,0
13029,-0.0166454406614386,-0.7991999445448795,0,2,3,-1
16201,-0.2114899030619726,-0.1836716331014001,0,1,0,-1
16871,1.924568064166619,-0.1147144623099535,3,2,1,-1
14643,-0.5454495607657599,-1.4407721882442812,0,2,3,0
15462,-1.2710726409484046,-0.3695955464398049,0,0,0,0
17685,0.4436911046052673,-1.943504105683928,3,1,1,0
13815,-1.5956697703240337,0.2932210264707159,0,2,0,-1
14498,-2.455673704297645,0.4828927445481423,1,0,3,0
15754,0.4940009133439166,-2.3608991616082404,3,1,1,0
15700,2.8412612106848307,4.28143138172223,2,3,2,-1
16115,-2.06244500619638,0.0809032660532267,1,0,3,0
18180,1.6337470493052302,2.7136498579388046,2,2,2,-1
17323,-1.2905675533703915,-0.999170341250322,0,2,3,0
14647,2.028995870941428,-2.718487545080293,3,1,1,0
13291,-1.491838674676894,-0.8261303557111247,0,2,3,0
14878,-1.4614871378942258,-0.7453308758481766,0,0,3,0
17035,1.491880833101222,-3.2561450665670155,3,1,1,0
18226,-3.471775632829048,0.996345021504174,1,0,3,0
18272,-2.517796535534839,0.0152460992527046,1,0,3,0
14632,6.171696811005497,1.3516985307847451,2,3,2,1
16241,-4.165260439378991,2.4493450920180937,1,0,3,-1
13045,-1.257582275136407,-0.5766893964472322,0,0,0,0
16133,-6.311668300823551,4.114413051239845,1,0,3,-1
15811,-1.9561133903574133,0.5901352717850267,1,0,3,0
17309,-0.6138578211582001,-0.8877161158846255,0,1,0,-1
15671,-1.721187271678548,1.0555722238231176,1,0,3,0
15367,-0.0609640950302843,-2.072359606094956,3,1,1,0
17337,-0.2055877249152481,-0.6163375648029009,0,2,0,-1
14040,-4.645394347020841,1.6861667430758014,1,0,3,0
14538,1.3791657949072746,-3.0403516852918133,3,1,1,0
12897,1.8480695765610475,-2.305973671975308,3,1,1,0
16755,-2.4153581342681734,-0.1136583760115252,1,0,3,0
14145,-1.0482654025411202,-0.1890383650127113,0,0,3,-1
12541,1.3910450967693928,-0.513931594437436,0,2,0,0
17948,4.539007471592351,3.829515989243421,2,3,2,-1
12557,-1.6188868742260587,0.0366511761608684,0,0,3,-1
16828,3.760456687329973,3.792248279717086,2,3,2,2
18261,2.7209841170971987,4.401953355961431,2,3,2,2
16209,-2.003208736500372,0.5872902539560502,1,0,3,0
15885,-2.530905338082078,0.1873828468441276,1,0,3,0
15518,-2.370982326137344,-0.2894003509271166,0,0,3,0
15901,0.1088436086199743,-1.878617950775469,0,2,3,0
17671,0.0666796931336228,-0.8693209424723425,0,2,3,0
16940,-1.752478317086074,-0.2732254141395871,0,2,0,0
15508,2.098207742347513,-0.1468409624756629,3,2,1,-1
16249,-0.7337535850275404,0.8932233982546086,0,0,3,0
13824,-0.9971721212261716,-0.7331327697480134,0,0,3,0
12480,-1.0054277602591728,-0.4821962036958636,0,0,3,0
17404,-3.4711159018774724,1.3491625460807013,1,0,3,-1
18072,4.978812963609776,1.8654907231991875,2,3,2,-1
13319,-4.28028961253646,1.2682534831755203,1,0,3,0
16728,0.7982528634228032,-0.8830593102355472,0,2,0,0
16483,5.442640902309458,1.7150064625725685,2,3,2,1
18219,-1.5802817266033151,-0.6137510564699494,0,0,3,0
14762,2.547147710547208,-3.2242053511655024,3,1,1,0
17162,-0.1936974116434821,-0.4307471623022176,0,2,3,0
16184,-1.1593082074631942,1.5232982384776268,0,0,3,0
16705,-4.4973867428979,1.5594465743653678,1,0,3,-1
16256,1.5650225840227423,-2.516702976507288,3,1,1,0
13169,2.613687096369979,-2.7086931311461964,3,1,1,0
13929,-0.973607728675286,-0.556647323276753,0,2,3,0
18260,-1.9528933917770288,-0.6685368747109307,1,0,3,0
17604,0.6772456775356814,-2.534221136179179,3,1,1,0
16966,0.8613637596429162,-0.006514436732204,0,2,0,-1
12534,2.8865300880681293,4.396239714988304,2,3,2,3
15117,-1.5808431340303877,-0.5367982728520408,0,0,3,0
17040,0.961829323591465,-1.5098849574148503,0,1,0,-1
13888,-1.7757850806833764,-0.2066765539639495,0,0,3,0
14023,5.590937937738186,1.7548450702093803,2,3,2,1
18109,-3.5322192409366178,1.4155454759613777,1,0,3,0
17365,-1.6314757046149886,-0.7854812342980865,0,0,3,0
17267,3.076042747408085,4.056029448659771,2,3,2,-1
16094,0.2783658901136172,-1.9399628287827175,3,1,1,0
16011,-4.259390074302648,1.548405935786438,1,0,3,0
12637,-3.33508931870883,1.0249644822533135,1,0,3,0
15537,4.581451853568063,2.63181507899406,2,3,2,3
16690,2.366891575719771,-2.713621854879148,3,1,1,0
15791,0.1037521097689724,-2.5737232284530545,3,1,1,0
16102,-0.5350739323775853,3.811834467894231,0,2,0,-1
13777,-3.2309015277912203,0.5228115602668605,1,0,3,-1
14044,-3.1713906378368018,0.5404036949868827,1,0,3,-1
15218,-4.050715050825672,1.8163840125516049,1,0,3,0
16818,-2.541338979773947,2.2523991277138,1,0,3,0
16110,1.1791741503537552,-2.8591782782706843,3,1,1,0
17174,6.2993295263317455,1.3535886786931304,2,3,2,1
13802,-2.7206214403296745,0.3123191716082267,1,0,3,0
17611,-2.8274020100926944,-0.2517711227366765,1,0,3,0
14256,0.6740904014252396,-2.549530646616152,3,1,1,0
15292,5.349327810134626,1.7566559481570814,2,3,2,1
14222,3.5931122241355262,3.8298071325288263,2,3,2,3
13266,-2.858551633533005,0.2318873539722834,1,0,3,0
16216,5.004340432946298,2.1543093529321977,2,3,2,1
16859,-0.8891550240118477,-1.1758885449079373,0,2,3,0
17134,-0.319100464538061,-0.3914599500826495,0,0,0,0
12676,-0.6502177066558799,-0.6805969339975589,0,0,3,0
13863,1.2354933281172078,-2.621869058047822,3,1,1,0
