Actual,Predicted,Residual,AbsResidual,LogActual,LogPredicted,LogResidual,ActualZeroFlag
968.1,1906.6661206847625,-938.5661206847625,938.5661206847625,6.876367805740505,7.553635847536913,-0.6772680417964088,0
0.0,126.94086817287125,-126.94086817287125,126.94086817287125,0.0,4.85156818978036,-4.85156818978036,1
0.0,178.19117545945784,-178.19117545945784,178.19117545945784,0.0,5.188453255240454,-5.188453255240454,1
326.87,827.6297431178092,-500.7597431178092,500.7597431178092,5.792617188356692,6.7197734246276095,-0.9271562362709176,0
869.55,363.8436216066476,505.70637839335234,505.70637839335234,6.769125195812608,5.899468827824053,0.8696563679885552,0
960.0,495.78783841730586,464.21216158269414,464.21216158269414,6.8679744089702925,6.208163050483292,0.6598113584870005,0
839.03,1466.1521312502,-627.1221312502,627.1221312502,6.733437605485333,7.2910784750499795,-0.5576408695646462,0
632.59,843.4274842284595,-210.83748422845952,210.83748422845952,6.451402057547384,6.738658864270209,-0.2872568067228256,0
453.06,386.7549614678986,66.30503853210138,66.30503853210138,6.118229347899479,5.960373597507729,0.15785575039175015,0
634.34,312.7237761924031,321.61622380759695,321.61622380759695,6.454160288670418,5.748512905095953,0.7056473835744654,0
2283.42,537.7114184236347,1745.7085815763653,1745.7085815763653,7.733867441786527,6.28918002571883,1.4446874160676977,0
1519.82,640.2032655638345,879.6167344361654,879.6167344361654,7.327004942060918,6.463346513616743,0.8636584284441744,0
277.82,114.87728944558413,162.94271055441587,162.94271055441587,5.630566412324942,4.752531781581529,0.8780346307434135,0
364.64,282.6677811102304,81.97221888976958,81.97221888976958,5.901649242785618,5.647803768605763,0.2538454741798555,0
0.0,357.24359685232764,-357.24359685232764,357.24359685232764,0.0,5.881213193142626,-5.881213193142626,1
565.75,65.08530108282598,500.664698917174,500.664698917174,6.339918289387638,4.190946348192824,2.148971941194814,0
0.0,191.86820110596358,-191.86820110596358,191.86820110596358,0.0,5.2620070598013,-5.2620070598013,1
0.0,347.7189849053134,-347.7189849053134,347.7189849053134,0.0,5.854266397009731,-5.854266397009731,1
1119.25,673.0915119512961,446.15848804870393,446.15848804870393,7.021307153666252,6.513365876104247,0.5079412775620051,0
0.0,118.48794370406024,-118.48794370406024,118.48794370406024,0.0,4.783215476776105,-4.783215476776105,1
0.0,325.39842801874534,-325.39842801874534,325.39842801874534,0.0,5.788118806959314,-5.788118806959314,1
958.97,1796.446769258374,-837.4767692583739,837.4767692583739,6.866902033973591,7.49412247539224,-0.6272204414186495,0
0.0,1583.8755409069297,-1583.8755409069297,1583.8755409069297,0.0,7.368261160141172,-7.368261160141172,1
0.0,70.27931823435004,-70.27931823435004,70.27931823435004,0.0,4.266606218503317,-4.266606218503317,1
0.0,317.7796522499227,-317.7796522499227,317.7796522499227,0.0,5.764500118812348,-5.764500118812348,1
1386.59,494.68409887119935,891.9059011288006,891.9059011288006,7.23532370838182,6.205938826382499,1.029384881999321,0
944.37,572.1891633636633,372.1808366363367,372.1808366363367,6.851576385255688,6.351215790268786,0.5003605949869021,0
997.86,731.0339946521508,266.8260053478492,266.8260053478492,6.9066146286878665,6.595826953664599,0.3107876750232679,0
0.0,154.84817844486486,-154.84817844486486,154.84817844486486,0.0,5.048882318271221,-5.048882318271221,1
281.04,92.00701605515255,189.03298394484747,189.03298394484747,5.6420489048508395,4.532674931760946,1.1093739730898937,0
0.0,92.84220665958757,-92.84220665958757,92.84220665958757,0.0,4.541614719196488,-4.541614719196488,1
0.0,393.29379941886265,-393.29379941886265,393.29379941886265,0.0,5.97709631521812,-5.97709631521812,1
248.17000000000002,215.44987913475737,32.72012086524265,32.72012086524265,5.51813539443367,5.377359015489854,0.14077637894381567,0
396.71,1086.418185675554,-689.708185675554,689.708185675554,5.985723096478868,6.991561528570094,-1.0058384320912266,0
0.0,58.14575825839623,-58.14575825839623,58.14575825839623,0.0,4.080004876245155,-4.080004876245155,1
1285.01,1719.5511957137683,-434.5411957137683,434.5411957137683,7.159299680817098,7.450399981094603,-0.2911003002775052,0
0.0,157.7841108193116,-157.7841108193116,157.7841108193116,0.0,5.067545485994019,-5.067545485994019,1
426.6,260.8541609027275,165.74583909727255,165.74583909727255,6.05818817915089,5.567787711004926,0.49040046814596394,0
995.26,553.3617184783678,441.89828152163216,441.89828152163216,6.904008267695202,6.317817395127913,0.5861908725672889,0
237.74,217.2009732080946,20.5390267919054,20.5390267919054,5.475375093666893,5.3854165335544435,0.08995856011244907,0
156.79,384.9177211913502,-228.12772119135022,228.12772119135022,5.061265035047578,5.955624189208172,-0.8943591541605942,0
0.0,133.76369068693865,-133.76369068693865,133.76369068693865,0.0,4.903522805273295,-4.903522805273295,1
1509.12,2717.893108074278,-1208.7731080742783,1208.7731080742783,7.319944396850056,7.9079801309043,-0.5880357340542437,0
0.0,50.29840023069456,-50.29840023069456,50.29840023069456,0.0,3.9376595671036236,-3.9376595671036236,1
143.28,901.3786726198018,-758.0986726198018,758.0986726198018,4.9717558560353385,6.805034246399569,-1.8332783903642307,0
0.0,427.804237005084,-427.804237005084,427.804237005084,0.0,6.061000490783064,-6.061000490783064,1
0.0,196.68289557861044,-196.68289557861044,196.68289557861044,0.0,5.286664209380697,-5.286664209380697,1
0.0,129.1797741903195,-129.1797741903195,129.1797741903195,0.0,4.868916373546942,-4.868916373546942,1
11007.2,2383.2735324258692,8623.926467574132,8623.926467574132,9.30639572861273,7.7766497583593,1.5297459702534297,0
332.75,527.6059022996538,-194.85590229965385,194.85590229965385,5.810392209714459,6.270243168017147,-0.4598509583026873,0
0.0,96.2151137589595,-96.2151137589595,96.2151137589595,0.0,4.576926190726187,-4.576926190726187,1
1333.74,2236.43483619951,-902.6948361995098,902.6948361995098,7.1964917953125225,7.7130853262386605,-0.516593530926138,0
215.35,242.51974520158691,-27.16974520158692,27.16974520158692,5.3768974666708935,5.49519802835866,-0.11830056168776615,0
0.0,250.4955777653713,-250.4955777653713,250.4955777653713,0.0,5.527425405947316,-5.527425405947316,1
2215.42,345.53110905231887,1869.8888909476811,1869.8888909476811,7.703648560594424,5.847972595414675,1.8556759651797483,0
0.0,125.9527028422358,-125.9527028422358,125.9527028422358,0.0,4.843814598528502,-4.843814598528502,1
223.5,706.0355735458553,-482.5355735458553,482.5355735458553,5.413875707182309,6.561080980820084,-1.1472052736377751,0
658.97,202.9157377703093,456.0542622296907,456.0542622296907,6.492194379441927,5.317706858369965,1.1744875210719625,0
262.7,294.9388531786153,-32.23885317861533,32.23885317861533,5.574812093359241,5.6901528558848,-0.11534076252555892,0
918.33,559.8327631800031,358.49723681999694,358.49723681999694,6.8236451438627554,6.329422756232134,0.49422238763062154,0
429.42,499.9158792705565,-70.49587927055649,70.49587927055649,6.064761476169439,6.216438181339542,-0.1516767051701029,0
0.0,319.8262612955729,-319.8262612955729,319.8262612955729,0.0,5.770899734535788,-5.770899734535788,1
207.28,488.7670077515106,-281.48700775151065,281.48700775151065,5.338883328294698,6.193929783636697,-0.8550464553419985,0
1219.98,863.7384775608139,356.24152243918616,356.24152243918616,7.107409093960171,6.762427123138524,0.34498197082164683,0
456.48,314.83719060761035,141.64280939238967,141.64280939238967,6.125733167913016,5.75522686121952,0.37050630669349616,0
0.0,229.02063052770478,-229.02063052770478,229.02063052770478,0.0,5.4381690028471175,-5.4381690028471175,1
1074.23,1930.2970692171666,-856.0670692171666,856.0670692171666,6.980289871165351,7.565947112759236,-0.5856572415938848,0
2224.46,684.1829938298583,1540.2770061701417,1540.2770061701417,7.70771891480528,6.529685946862712,1.1780329679425678,0
718.83,555.3156211816982,163.5143788183018,163.5143788183018,6.579015073020373,6.321335797186186,0.25767927583418704,0
0.0,509.71604793137226,-509.71604793137226,509.71604793137226,0.0,6.235813756561837,-6.235813756561837,1
0.0,1419.607558384573,-1419.607558384573,1419.607558384573,0.0,7.25883991710747,-7.25883991710747,1
237.87,340.44059546030616,-102.57059546030615,102.57059546030615,5.475919470891869,5.8331737120794935,-0.3572542411876247,0
188.04,239.88878983539087,-51.848789835390875,51.848789835390875,5.241958632878652,5.484335374023288,-0.2423767411446356,0
0.0,106.73881173877224,-106.73881173877224,106.73881173877224,0.0,4.679709888221568,-4.679709888221568,1
0.0,235.78763783467457,-235.78763783467457,235.78763783467457,0.0,5.467163696557061,-5.467163696557061,1
437.65999999999997,310.7158179428183,126.94418205718165,126.94418205718165,6.0837246255332795,5.742091932815873,0.3416326927174067,0
0.0,741.9720464536804,-741.9720464536804,741.9720464536804,0.0,6.610658421471226,-6.610658421471226,1
251.8,389.99783117451784,-138.19783117451783,138.19783117451783,5.532598662272703,5.968702013101741,-0.43610335082903884,0
1214.74,308.0075764201129,906.7324235798872,906.7324235798872,7.103108223874784,5.7333657957560975,1.3697424281186867,0
574.98,582.8411004863319,-7.861100486331907,7.861100486331907,6.356072937870839,6.369628857597179,-0.013555919726339738,0
583.65,163.89718802432068,419.75281197567926,419.75281197567926,6.371013377586327,5.105322176808396,1.2656912007779315,0
1164.72,424.82050051106285,739.8994994889372,739.8994994889372,7.061094200851609,6.054017897169504,1.0070763036821049,0
0.0,417.9071326416762,-417.9071326416762,417.9071326416762,0.0,6.037649254882932,-6.037649254882932,1
791.39,515.9487357668568,275.4412642331432,275.4412642331432,6.675053694855819,6.247943712467968,0.4271099823878508,0
0.0,207.65238974099668,-207.65238974099668,207.65238974099668,0.0,5.340669660319668,-5.340669660319668,1
0.0,455.5181543761579,-455.5181543761579,455.5181543761579,0.0,6.123628467866744,-6.123628467866744,1
39.599999999999994,260.51655299076987,-220.91655299076987,220.91655299076987,3.7037680666076866,5.566497581657515,-1.8627295150498284,0
1042.66,447.8794357844453,594.7805642155547,594.7805642155547,6.950489044902347,6.106754334501197,0.8437347104011499,0
674.47,912.5598045876403,-238.0898045876403,238.0898045876403,6.515408744867029,6.817348841204046,-0.3019400963370167,0
4865.59,3174.641790190984,1690.9482098090161,1690.9482098090161,8.490148765479574,8.06326502954236,0.4268837359372153,0
0.0,53.60212873371425,-53.60212873371425,53.60212873371425,0.0,4.000072869787819,-4.000072869787819,1
30.119999999999997,100.8954797360956,-70.7754797360956,70.7754797360956,3.4378506993101907,4.623947579441963,-1.1860968801317724,0
0.0,395.1199260479802,-395.1199260479802,395.1199260479802,0.0,5.981717008962133,-5.981717008962133,1
380.6,188.27569913829132,192.3243008617087,192.3243008617087,5.944372939574132,5.243204677752414,0.7011682618217181,0
0.0,1104.8141123281005,-1104.8141123281005,1104.8141123281005,0.0,7.008337095920517,-7.008337095920517,1
0.0,512.6903995675628,-512.6903995675628,512.6903995675628,0.0,6.241620748506611,-6.241620748506611,1
0.0,40.8119335631438,-40.8119335631438,40.8119335631438,0.0,3.7331817907268805,-3.7331817907268805,1
0.0,233.0793036982406,-233.0793036982406,233.0793036982406,0.0,5.4556599626358135,-5.4556599626358135,1
0.0,128.27489175511965,-128.27489175511965,128.27489175511965,0.0,4.861941080959325,-4.861941080959325,1
269.77,236.928654406539,32.84134559346097,32.84134559346097,5.601269752035662,5.47197085732995,0.12929889470571165,0
980.6800000000001,708.9226521784702,271.75734782152983,271.75734782152983,6.889265389668292,6.5651560235072,0.32410936616109254,0
1167.3,864.6198515445731,302.6801484554269,302.6801484554269,7.063304979723102,6.763445841683876,0.2998591380392259,0
0.0,43.10346733186399,-43.10346733186399,43.10346733186399,0.0,3.7865384036673775,-3.7865384036673775,1
298.0,336.62472461489347,-38.624724614893466,38.624724614893466,5.700443573390687,5.82193499645867,-0.1214914230679831,0
0.0,527.8434256422473,-527.8434256422473,527.8434256422473,0.0,6.27069240627436,-6.27069240627436,1
0.0,234.6846855052611,-234.6846855052611,234.6846855052611,0.0,5.4624948333095595,-5.4624948333095595,1
110.71000000000001,487.4120071597363,-376.70200715973624,376.70200715973624,4.7159062275827575,6.191159326618496,-1.4752530990357382,0
0.0,356.9299758960751,-356.9299758960751,356.9299758960751,0.0,5.88033736921325,-5.88033736921325,1
0.0,38.55148713598738,-38.55148713598738,38.55148713598738,0.0,3.6776032949223576,-3.6776032949223576,1
654.0,636.4463587922916,17.553641207708438,17.553641207708438,6.484635235635252,6.457470130421439,0.02716510521381288,0
755.64,1060.8961882902897,-305.25618829028974,305.25618829028974,6.628887578895566,6.967811445884843,-0.3389238669892771,0
300.95,310.91811719730424,-9.968117197304252,9.968117197304252,5.71026144075391,5.742740708484363,-0.03247926773045329,0
1335.65,1834.3294888012992,-498.67948880129916,498.67948880129916,7.197921762726839,7.514979302299938,-0.31705753957309923,0
152.64000000000001,339.19534213691236,-186.55534213691234,186.55534213691234,5.034612203477704,5.829519988324564,-0.7949077848468598,0
424.36,246.0242641270976,178.3357358729024,178.3357358729024,6.052935869196083,5.509486567135582,0.5434493020605009,0
262.17,156.35651649994327,105.81348350005675,105.81348350005675,5.572800211191829,5.05851403669764,0.5142861744941891,0
0.0,233.56226885722205,-233.56226885722205,233.56226885722205,0.0,5.457721091473905,-5.457721091473905,1
1424.75,1344.7523270233162,79.99767297668382,79.99767297668382,7.262453270036648,7.204708486604213,0.05774478343243494,0
1610.64,2182.1293563629156,-571.4893563629155,571.4893563629155,7.385007573063784,7.688514611030238,-0.30350703796645373,0
1755.86,930.7914344856661,825.0685655143338,825.0685655143338,7.471283403737475,6.8371090069017955,0.6341743968356797,0
0.0,199.28640640990062,-199.28640640990062,199.28640640990062,0.0,5.299748374217491,-5.299748374217491,1
3969.77,4142.211741604826,-172.4417416048259,172.4417416048259,8.286715309534413,8.329226549051608,-0.04251123951719471,0
0.0,118.12543813473305,-118.12543813473305,118.12543813473305,0.0,4.780177039908699,-4.780177039908699,1
0.0,347.0878223449647,-347.0878223449647,347.0878223449647,0.0,5.852454810996517,-5.852454810996517,1
0.0,463.1718763919023,-463.1718763919023,463.1718763919023,0.0,6.140254906894908,-6.140254906894908,1
1379.3799999999999,982.1792114167248,397.2007885832751,397.2007885832751,7.230114102564846,6.8907914142291915,0.3393226883356544,0
4429.4,1705.4748968476847,2723.925103152315,2723.925103152315,8.396245152416697,7.4421850579237,0.9540600944929967,0
0.0,213.9222156816463,-213.9222156816463,213.9222156816463,0.0,5.37027617513954,-5.37027617513954,1
0.0,274.387280250624,-274.387280250624,274.387280250624,0.0,5.618178398774129,-5.618178398774129,1
791.54,1022.9599997547244,-231.41999975472447,231.41999975472447,6.675242977663827,6.931432742096957,-0.25618976443313013,0
307.78,144.54105766936254,163.23894233063743,163.23894233063743,5.732629049213781,4.980458230099917,0.7521708191138634,0
1576.6,1114.6294387691623,461.9705612308376,461.9705612308376,7.363659983848371,7.017174043688749,0.34648594015962164,0
381.88,98.71133158567685,283.1686684143232,283.1686684143232,5.947721624160063,4.602279327336595,1.3454422968234674,0
126.66000000000001,77.6073100488286,49.052689951171416,49.052689951171416,4.849370479827911,4.364464698276393,0.4849057815515181,0
2037.64,1213.4889137315313,824.1510862684688,824.1510862684688,7.620038197850558,7.102078620143283,0.5179595777072752,0
207.48,112.77160827671423,94.70839172328576,94.70839172328576,5.339843113376535,4.734193002662611,0.605650110713924,0
1329.6200000000001,1644.7779583735576,-315.15795837355745,315.15795837355745,7.193400278007993,7.405968474430064,-0.2125681964220707,0
0.0,199.0832427606145,-199.0832427606145,199.0832427606145,0.0,5.298733493758171,-5.298733493758171,1
0.0,62.02660535222633,-62.02660535222633,62.02660535222633,0.0,4.14355694442315,-4.14355694442315,1
102.96,260.63756826279564,-157.67756826279566,157.67756826279566,4.6440062097732895,5.566960218839439,-0.9229540090661494,0
503.62,438.43616956237696,65.18383043762304,65.18383043762304,6.223805670776234,6.085492472362425,0.13831319841380907,0
0.0,256.33725043874404,-256.33725043874404,256.33725043874404,0.0,5.550387483153032,-5.550387483153032,1
0.0,69.51740052485206,-69.51740052485206,69.51740052485206,0.0,4.255859495319524,-4.255859495319524,1
0.0,121.04248502635788,-121.04248502635788,121.04248502635788,0.0,4.804369222033471,-4.804369222033471,1
1169.6,910.717100101105,258.88289989889495,258.88289989889495,7.06527171685712,6.81532974469565,0.24994197216147018,0
2371.93,1869.7575740816446,502.1724259183552,502.1724259183552,7.7718807574756,7.534098747639507,0.237782009836093,0
0.0,153.95893229417547,-153.95893229417547,153.95893229417547,0.0,5.043160128872212,-5.043160128872212,1
324.45,158.47434550288003,165.97565449711996,165.97565449711996,5.785208840018396,5.071883066046106,0.71332577397229,0
0.0,260.0042447154464,-260.0042447154464,260.0042447154464,0.0,5.56453667046802,-5.56453667046802,1
127.37,367.1579582404963,-239.78795824049632,239.78795824049632,4.854916719096835,5.908512080423395,-1.0535953613265603,0
0.0,378.89952675128274,-378.89952675128274,378.89952675128274,0.0,5.939906814473622,-5.939906814473622,1
359.62,127.88774321617647,231.73225678382352,231.73225678382352,5.887824772348222,4.858941817884675,1.0288829544635467,0
0.0,337.3203154590987,-337.3203154590987,337.3203154590987,0.0,5.8239931255919695,-5.8239931255919695,1
0.0,325.5335823200027,-325.5335823200027,325.5335823200027,0.0,5.788532798924933,-5.788532798924933,1
328.34000000000003,2138.369493088567,-1810.029493088567,1810.029493088567,5.797090651789853,7.668266435206263,-1.87117578341641,0
998.49,1972.0937684153257,-973.6037684153257,973.6037684153257,6.907245148887903,7.5873580306993444,-0.680112881811441,0
82.8,637.0478540882482,-554.2478540882482,554.2478540882482,4.428433007488037,6.458413286939862,-2.0299802794518254,0
0.0,233.2282883163009,-233.2282883163009,233.2282883163009,0.0,5.456296230873301,-5.456296230873301,1
4234.99,3837.424653240256,397.565346759744,397.565346759744,8.351372346000852,8.252817314855617,0.098555031145235,0
0.0,1182.3273576999231,-1182.3273576999231,1182.3273576999231,0.0,7.07608554395755,-7.07608554395755,1
0.0,261.2957122894072,-261.2957122894072,261.2957122894072,0.0,5.569472540149085,-5.569472540149085,1
288.24,55.45942374140803,232.78057625859196,232.78057625859196,5.667256793306751,4.033522216280306,1.6337345770264449,0
440.63,564.1060223596846,-123.47602235968463,123.47602235968463,6.090472427438032,6.337013363736477,-0.24654093629844542,0
379.28,333.3470012750811,45.93299872491889,45.93299872491889,5.9409078234908295,5.812179379639911,0.12872844385091842,0
0.0,56.357151766074224,-56.357151766074224,56.357151766074224,0.0,4.049297539655326,-4.049297539655326,1
0.0,458.53053938355663,-458.53053938355663,458.53053938355663,0.0,6.130205401793009,-6.130205401793009,1
0.0,203.48741144565963,-203.48741144565963,203.48741144565963,0.0,5.320506415865166,-5.320506415865166,1
183.52,59.541593786668514,123.9784062133315,123.9784062133315,5.21775785868962,4.103330629422607,1.1144272292670125,0
0.0,427.5835693610942,-427.5835693610942,427.5835693610942,0.0,6.060485746702908,-6.060485746702908,1
175.4,117.6754588987515,57.724541101248505,57.724541101248505,5.172754143572691,4.776392531282667,0.39636161229002376,0
2581.07,1814.4360598999194,766.6339401000807,766.6339401000807,7.856346681805945,7.504080971231113,0.3522657105748319,0
0.0,274.0006488049988,-274.0006488049988,274.0006488049988,0.0,5.616773456954693,-5.616773456954693,1
0.0,117.09528791380293,-117.09528791380293,117.09528791380293,0.0,4.771491823286267,-4.771491823286267,1
392.52,323.05959178814726,69.46040821185272,69.46040821185272,5.975131892487084,5.7809274241522095,0.19420446833487492,0
900.76,597.7295600096743,303.0304399903257,303.0304399903257,6.80434840927026,6.394810010371519,0.4095383988987411,0
0.0,149.56333037902502,-149.56333037902502,149.56333037902502,0.0,5.01438379553813,-5.01438379553813,1
0.0,799.589269739723,-799.589269739723,799.589269739723,0.0,6.685348043695389,-6.685348043695389,1
0.0,96.72530735414674,-96.72530735414674,96.72530735414674,0.0,4.58216055676639,-4.58216055676639,1
224.76,527.5198950170355,-302.75989501703555,302.75989501703555,5.419472488104504,6.27008044891025,-0.8506079608057462,0
1521.78,678.0398017274357,843.7401982725643,843.7401982725643,7.328292890721017,6.520679743996,0.8076131467250169,0
0.0,183.30257344726786,-183.30257344726786,183.30257344726786,0.0,5.216578827938399,-5.216578827938399,1
265.84,598.5443755938193,-332.7043755938193,332.7043755938193,5.586649227841314,6.396169992735354,-0.8095207648940397,0
303.68,186.20363675290002,117.47636324709998,117.47636324709998,5.719262045504587,5.232196990953613,0.4870650545509747,0
980.63,531.7984640504897,448.83153594951034,448.83153594951034,6.889214455276871,6.2781432364339045,0.6110712188429668,0
2423.5299999999997,2029.8504062341408,393.67959376585895,393.67959376585895,7.79339297015415,7.616209903640793,0.1771830665133569,0
3225.71,2913.870919901503,311.8390800984971,311.8390800984971,8.0792183212644,7.977580816466753,0.10163750479764744,0
866.51,435.48540355573425,431.02459644426574,431.02459644426574,6.765627039132096,6.078754934985678,0.6868721041464179,0
0.0,21.85954311071541,-21.85954311071541,21.85954311071541,0.0,3.129368671759034,-3.129368671759034,1
0.0,472.0477291701355,-472.0477291701355,472.0477291701355,0.0,6.159196290737569,-6.159196290737569,1
165.92,486.9301996723622,-321.0101996723622,321.0101996723622,5.117514655723352,6.1901723621646125,-1.0726577064412606,0
0.0,248.11387681405694,-248.11387681405694,248.11387681405694,0.0,5.517910128520836,-5.517910128520836,1
0.0,59.72799049217428,-59.72799049217428,59.72799049217428,0.0,4.106404720150337,-4.106404720150337,1
0.0,1609.0779591860687,-1609.0779591860687,1609.0779591860687,0.0,7.3840378786609095,-7.3840378786609095,1
0.0,183.9205231156709,-183.9205231156709,183.9205231156709,0.0,5.219926127991596,-5.219926127991596,1
3031.89,2840.6003711789263,191.28962882107362,191.28962882107362,8.017271239309164,7.952122683421057,0.06514855588810686,0
0.0,269.5059502002558,-269.5059502002558,269.5059502002558,0.0,5.600294095088064,-5.600294095088064,1
0.0,335.83911322649755,-335.83911322649755,335.83911322649755,0.0,5.819605407533037,-5.819605407533037,1
711.9,304.2930867362647,407.6069132637353,407.6069132637353,6.569341158123582,5.721272255318922,0.84806890280466,0
1046.68,383.4364572162633,663.2435427837368,663.2435427837368,6.9543334747427155,5.951778514472665,1.00255496027005,0
0.0,208.7310927091407,-208.7310927091407,208.7310927091407,0.0,5.34582619925396,-5.34582619925396,1
576.06,304.7308718313151,271.32912816868486,271.32912816868486,6.3579462472370984,5.722705211142742,0.6352410360943566,0
535.5,485.5506564425113,49.9493435574887,49.9493435574887,6.285066562070753,6.187341020444996,0.0977255416257572,0
0.0,507.11378738541805,-507.11378738541805,507.11378738541805,0.0,6.230705413412439,-6.230705413412439,1
0.0,106.05704349355918,-106.05704349355918,106.05704349355918,0.0,4.673361809167886,-4.673361809167886,1
38.08,303.4478938491418,-265.3678938491418,265.3678938491418,3.6656108271745818,5.718499952143126,-2.052889124968544,0
1202.03,871.8218037922497,330.20819620775023,330.20819620775023,7.092598653319601,6.771731415636998,0.32086723768260317,0
0.0,55.6928412087006,-55.6928412087006,55.6928412087006,0.0,4.037647945420436,-4.037647945420436,1
296.98,368.819139818993,-71.83913981899298,71.83913981899298,5.697026370159193,5.913014074831062,-0.21598770467186856,0
0.0,73.67780987624528,-73.67780987624528,73.67780987624528,0.0,4.313182991465836,-4.313182991465836,1
517.8,519.6230928349822,-1.8230928349822761,1.8230928349822761,6.251518452442289,6.255026349692274,-0.003507897249985348,0
728.67,713.2801281086839,15.389871891316034,15.389871891316034,6.5925923771403445,6.5712752216825,0.021317155457844628,0
866.4,669.5507656222849,196.8492343777151,196.8492343777151,6.7655002314012656,6.508099412938841,0.2574008184624246,0
1353.04,321.3025241293159,1031.7374758706842,1031.7374758706842,7.21084799513335,5.775490620405109,1.435357374728241,0
123.19,320.379412225205,-197.189412225205,197.189412225205,4.8218126509599415,5.7726223947028705,-0.950809743742929,0
470.7,242.16981966372668,228.5301803362733,228.5301803362733,6.156343190290216,5.49376004561393,0.6625831446762858,0
0.0,380.71092779755423,-380.71092779755423,380.71092779755423,0.0,5.944663588624985,-5.944663588624985,1
344.9,107.76799723336286,237.13200276663713,237.13200276663713,5.846149715943123,4.6892171480775735,1.1569325678655495,0
0.0,138.04455962798608,-138.04455962798608,138.04455962798608,0.0,4.934794454621399,-4.934794454621399,1
0.0,111.98737065862578,-111.98737065862578,111.98737065862578,0.0,4.727276048383312,-4.727276048383312,1
217.07,1109.83031883854,-892.7603188385401,892.7603188385401,5.384816112164653,7.012863049657327,-1.628046937492674,0
0.0,2501.4644561845266,-2501.4644561845266,2501.4644561845266,0.0,7.825031307765641,-7.825031307765641,1
251.37,187.7056770744342,63.66432292556581,63.66432292556581,5.530896264648732,5.240188537107085,0.29070772754164675,0
0.0,318.27112243631314,-318.27112243631314,318.27112243631314,0.0,5.76604065540626,-5.76604065540626,1
1518.51,1694.6267421053742,-176.11674210537421,176.11674210537421,7.3261431934474,7.43580771082461,-0.10966451737720995,0
100.14,308.4998492588178,-208.3598492588178,208.3598492588178,4.616505695651837,5.734957605077094,-1.1184519094252572,0
648.27,1273.5071788025425,-625.2371788025425,625.2371788025425,6.475848654843141,7.150314856442553,-0.6744662015994125,0
443.37,254.99452116600807,188.37547883399193,188.37547883399193,6.0966575487361165,5.545156042555262,0.5515015061808546,0
2146.01,2320.5098259845017,-174.4998259845015,174.4998259845015,7.671831455529788,7.749973040052571,-0.07814158452278264,0
0.0,244.13424946087363,-244.13424946087363,244.13424946087363,0.0,5.501806017454277,-5.501806017454277,1
0.0,636.3650439385885,-636.3650439385885,636.3650439385885,0.0,6.45734255883926,-6.45734255883926,1
236.32,111.31623755657927,125.00376244342073,125.00376244342073,5.469409441390442,4.721318442178868,0.7480909992115743,0
0.0,231.42475943695968,-231.42475943695968,231.42475943695968,0.0,5.4485665573277675,-5.4485665573277675,1
0.0,496.2220733194269,-496.2220733194269,496.2220733194269,0.0,6.209036753903383,-6.209036753903383,1
142.49,215.9881655609506,-73.49816556095058,73.49816556095058,4.9662653463603155,5.379842815467804,-0.41357746910748894,0
80.46,146.1084524120392,-65.64845241203922,65.64845241203922,4.400112102220266,4.99117008626959,-0.591057984049324,0
0.0,270.17452870695536,-270.17452870695536,270.17452870695536,0.0,5.602762630958348,-5.602762630958348,1
742.58,1072.661342430624,-330.081342430624,330.081342430624,6.611476359304838,6.978829901722471,-0.36735354241763307,0
381.02,255.91541034063275,125.10458965936724,125.10458965936724,5.9454729632569885,5.548746888072439,0.3967260751845494,0
2248.1,1951.5398184016337,296.56018159836617,296.56018159836617,7.718285415177126,7.576886275053467,0.14139914012365917,0
1162.68,883.5200908205412,279.15990917945885,279.15990917945885,7.059342676406231,6.785045227666963,0.27429744873926776,0
0.0,456.9866685279421,-456.9866685279421,456.9866685279421,0.0,6.126840075672945,-6.126840075672945,1
705.2,1043.7843818559024,-338.5843818559024,338.5843818559024,6.559898483494286,6.951565809957051,-0.39166732646276525,0
2164.28,1988.2843769626595,175.9956230373407,175.9956230373407,7.680304962328195,7.595530243477009,0.08477471885118604,0
311.06,444.65897860014513,-133.59897860014513,133.59897860014513,5.743195477013036,6.099554037574818,-0.35635856056178206,0
0.0,323.62666564831085,-323.62666564831085,323.62666564831085,0.0,5.78267580096185,-5.78267580096185,1
0.0,301.6575161192605,-301.6575161192605,301.6575161192605,0.0,5.712601856390011,-5.712601856390011,1
362.40000000000003,311.8290040892411,50.57099591075894,50.57099591075894,5.895504155962071,5.745656728443009,0.14984742751906133,0
0.0,83.10350264331345,-83.10350264331345,83.10350264331345,0.0,4.4320482146646984,-4.4320482146646984,1
5725.07,4487.199856366415,1237.870143633585,1237.870143633585,8.652784710522212,8.409206977486983,0.24357773303522912,0
180.7,102.77004334526626,77.92995665473373,77.92995665473373,5.202356975402125,4.642177329322277,0.560179646079848,0
876.0500000000001,288.0734900918817,587.9765099081184,587.9765099081184,6.776564003289789,5.666680946761331,1.1098830565284583,0
404.83,181.29623593793343,223.53376406206655,223.53376406206655,6.005934352702543,5.205633033846293,0.80030131885625,0
0.0,215.56918105280423,-215.56918105280423,215.56918105280423,0.0,5.377910039368636,-5.377910039368636,1
361.43,1140.849867152975,-779.419867152975,779.419867152975,5.8928313521995825,7.0404049167339195,-1.147573564534337,0
1392.65,1826.685028158414,-434.035028158414,434.035028158414,7.239681483755431,7.510805433097154,-0.2711239493417228,0
160.7,330.9089139986761,-170.2089139986761,170.2089139986761,5.085742766583061,5.80486057584848,-0.7191178092654189,0
0.0,321.0525905470912,-321.0525905470912,321.0525905470912,0.0,5.774714856888792,-5.774714856888792,1
0.0,162.11066919979734,-162.11066919979734,162.11066919979734,0.0,5.094428922569024,-5.094428922569024,1
998.53,2346.798788527472,-1348.268788527472,1348.268788527472,6.907285168497517,7.761233482440997,-0.85394831394348,0
0.0,280.858170596045,-280.858170596045,280.858170596045,0.0,5.641404003272015,-5.641404003272015,1
206.36,466.7898934418014,-260.42989344180137,260.42989344180137,5.33445641316391,6.148019249474205,-0.8135628363102958,0
19007.81,7653.371812365309,11354.438187634692,11354.438187634692,9.8526578348908,8.943032242329355,0.9096255925614454,0
917.25,1840.8170187466237,-923.5670187466237,923.5670187466237,6.822469684699777,7.518507873523989,-0.696038188824212,0
596.33,515.2219958386021,81.10800416139796,81.10800416139796,6.392469724494053,6.2465368974549556,0.14593282703909782,0
0.0,335.2440700202994,-335.2440700202994,335.2440700202994,0.0,5.8178372951331765,-5.8178372951331765,1
102.0,234.71691508281083,-132.71691508281083,132.71691508281083,4.634728988229636,5.462631572673871,-0.8279025844442351,0
457.14,822.760421980915,-365.620421980915,365.620421980915,6.127174814260428,6.713879737610328,-0.5867049233498998,0
303.6,410.38745356244607,-106.78745356244605,106.78745356244605,5.718999440461062,6.0195354798224745,-0.30053603936141293,0
994.8,226.4616051573812,768.3383948426188,768.3383948426188,6.903546434208082,5.426981455609009,1.4765649785990735,0
648.27,562.6478500742598,85.62214992574013,85.62214992574013,6.475848654843141,6.334429677191169,0.14141897765197164,0
973.5,1103.2248607454762,-129.72486074547624,129.72486074547624,6.881924518947615,7.0068988843089315,-0.12497436536131623,0
0.0,145.57458057357553,-145.57458057357553,145.57458057357553,0.0,4.987534381332117,-4.987534381332117,1
578.19,558.8813732174291,19.30862678257097,19.30862678257097,6.361630575729091,6.327724927748997,0.03390564798009432,0
2494.03,1770.7202807603805,723.3097192396197,723.3097192396197,7.822056032161427,7.479706263603233,0.34234976855819443,0
0.0,138.78654995021554,-138.78654995021554,138.78654995021554,0.0,4.94011661594538,-4.94011661594538,1
78.48,329.8906877953021,-251.41068779530207,251.41068779530207,4.375505417683616,5.801788072480505,-1.4262826547968892,0
0.0,584.2786507815239,-584.2786507815239,584.2786507815239,0.0,6.372088059946844,-6.372088059946844,1
0.0,337.5721321871381,-337.5721321871381,337.5721321871381,0.0,5.824737163261563,-5.824737163261563,1
913.91,482.75767335814504,431.1523266418549,431.1523266418549,6.818825699782057,6.181584106457247,0.6372415933248092,0
0.0,605.2453493123036,-605.2453493123036,605.2453493123036,0.0,6.407284770984831,-6.407284770984831,1
572.09,88.64288410656464,483.4471158934354,483.4471158934354,6.35104277244367,4.495833822740943,1.8552089497027273,0
560.4,973.3994299462835,-412.9994299462835,412.9994299462835,6.330433663927782,6.8818213119249645,-0.5513876479971822,0
786.98,391.17100014582485,395.80899985417517,395.80899985417517,6.669472708825124,5.971697969533857,0.6977747392912672,0
0.0,64.953967097873,-64.953967097873,64.953967097873,0.0,4.188957030468269,-4.188957030468269,1
786.83,455.12649091794594,331.7035090820541,331.7035090820541,6.669282330542903,6.122770163412154,0.5465121671307491,0
0.0,742.8673124967282,-742.8673124967282,742.8673124967282,0.0,6.611862675509637,-6.611862675509637,1
0.0,348.91981451022633,-348.91981451022633,348.91981451022633,0.0,5.857704026836371,-5.857704026836371,1
0.0,244.47278351011715,-244.47278351011715,244.47278351011715,0.0,5.503186079623071,-5.503186079623071,1
0.0,572.4014340295943,-572.4014340295943,572.4014340295943,0.0,6.351586054369745,-6.351586054369745,1
181.45,582.2549790693214,-400.8049790693214,400.8049790693214,5.206476162882456,6.3686244476320475,-1.1621482847495912,0
0.0,422.24111555607067,-422.24111555607067,422.24111555607067,0.0,6.0479420297854185,-6.0479420297854185,1
59.52,178.39563570094424,-118.87563570094423,118.87563570094423,4.102973888920155,5.189593622132264,-1.0866197332121095,0
424.63,204.9450589199558,219.68494108004418,219.68494108004418,6.053570424265026,5.327609428945612,0.7259609953194142,0
0.0,400.7315770907753,-400.7315770907753,400.7315770907753,0.0,5.995784146915956,-5.995784146915956,1
108.39999999999999,120.29218262198737,-11.892182621987374,11.892182621987374,4.695010889987881,4.798202367228443,-0.10319147724056243,0
224.28,45.97933970331935,178.30066029668066,178.30066029668066,5.417344072969677,3.849707924285665,1.5676361486840125,0
13226.0,1330.7412282221605,11895.258771777839,11895.258771777839,9.490015474026047,7.194242559120384,2.2957729149056627,0
0.0,96.84727963470128,-96.84727963470128,96.84727963470128,0.0,4.583407892072904,-4.583407892072904,1
0.0,82.33891457130775,-82.33891457130775,82.33891457130775,0.0,4.422915601807114,-4.422915601807114,1
398.05,182.2959857024535,215.75401429754652,215.75401429754652,5.989086722322018,5.211102254455566,0.7779844678664514,0
1765.95,245.05296221287645,1520.8970377871235,1520.8970377871235,7.477010175371521,5.505546806308311,1.9714633690632102,0
1008.0600000000001,568.4839967951599,439.57600320484016,439.57600320484016,6.916774483402297,6.344730682044932,0.5720438013573652,0
1350.63,1415.3446102000078,-64.71461020000766,64.71461020000766,7.20906655050976,7.255834613429602,-0.046768062919841924,0
3349.8,1155.1216427288718,2194.6783572711283,2194.6783572711283,8.116954402279655,7.052826270970432,1.0641281313092223,0
135.70000000000002,487.7735402849133,-352.0735402849133,352.0735402849133,4.917788743729904,6.191899274405522,-1.2741105306756175,0
1897.62,1662.8723347258112,234.74766527418865,234.74766527418865,7.548882585469957,7.416902896518292,0.1319796889516649,0
290.1,443.2537504962316,-153.15375049623157,153.15375049623157,5.6736668507515775,6.096395909309156,-0.4227290585575787,0
0.0,180.0564005176622,-180.0564005176622,180.0564005176622,0.0,5.198808587797006,-5.198808587797006,1
0.0,368.31544462042854,-368.31544462042854,368.31544462042854,0.0,5.911651142322856,-5.911651142322856,1
0.0,227.37235312872517,-227.37235312872517,227.37235312872517,0.0,5.4309774246090035,-5.4309774246090035,1
2057.59,1194.303547656474,863.2864523435262,863.2864523435262,7.6297765614104,7.086155446884613,0.543621114525787,0
0.0,98.86423685158084,-98.86423685158084,98.86423685158084,0.0,4.603811632087314,-4.603811632087314,1
584.66,683.609035682536,-98.94903568253608,98.94903568253608,6.3727394164149285,6.5288479244935544,-0.15610850807862597,0
1313.65,523.0823390828333,790.5676609171668,790.5676609171668,7.181325749489269,6.261648807630791,0.9196769418584783,0
132.97,39.84120276691563,93.12879723308437,93.12879723308437,4.8976158942888945,3.7096914435708235,1.187924450718071,0
729.6,522.711822425983,206.88817757401705,206.88817757401705,6.593866114361182,6.260941575836789,0.3329245385243933,0
0.0,123.82142941303188,-123.82142941303188,123.82142941303188,0.0,4.8268841512351655,-4.8268841512351655,1
1714.8400000000001,560.8258910629289,1154.0141089370713,1154.0141089370713,7.44765803560754,6.33119199951589,1.1164660360916496,0
0.0,108.52066900562316,-108.52066900562316,108.52066900562316,0.0,4.6961132894862185,-4.6961132894862185,1
444.82,668.3386371424839,-223.5186371424839,223.5186371424839,6.099915283112786,6.506290116129771,-0.40637483301698474,0
185.04,168.73392456437222,16.306075435627776,16.306075435627776,5.225961704355896,5.134232061302706,0.0917296430531902,0
0.0,281.56725217338175,-281.56725217338175,281.56725217338175,0.0,5.643916583045254,-5.643916583045254,1
149.47,62.0463089229841,87.42369107701589,87.42369107701589,5.013763728770787,4.143869518635167,0.8698942101356195,0
1103.03,147.49416989046293,955.5358301095371,955.5358301095371,7.00672240038088,5.000545697475178,2.0061767029057025,0
134.16,71.10463004106867,63.05536995893132,63.05536995893132,4.90645926184609,4.27811825916485,0.6283410026812399,0
599.17,258.7381687387411,340.4318312612589,340.4318312612589,6.397212948418171,5.559674080294193,0.8375388681239784,0
1426.6100000000001,1239.5642472738848,187.04575272611532,187.04575272611532,7.2637569963547115,7.123321593224732,0.14043540312997926,0
0.0,427.1770259638219,-427.1770259638219,427.1770259638219,0.0,6.05953672213291,-6.05953672213291,1
0.0,158.50487716207223,-158.50487716207223,158.50487716207223,0.0,5.072074499576042,-5.072074499576042,1
290.81,402.2035179505174,-111.39351795051738,111.39351795051738,5.676102905549459,5.999441441794784,-0.32333853624532516,0
456.84000000000003,246.31619803523836,210.52380196476167,210.52380196476167,6.126519778100847,5.510667671918311,0.6158521061825359,0
0.0,329.0057636186136,-329.0057636186136,329.0057636186136,0.0,5.799110119818956,-5.799110119818956,1
1099.26,1070.3310575342991,28.928942465700857,28.928942465700857,7.003301794493342,6.976657133359169,0.02664466113417241,0
0.0,75.21807651425546,-75.21807651425546,75.21807651425546,0.0,4.3335986591558235,-4.3335986591558235,1
416.69,155.83519382170365,260.85480617829637,260.85480617829637,6.034739530589304,5.055195533124604,0.9795439974646998,0
0.0,395.10223682581926,-395.10223682581926,395.10223682581926,0.0,5.981672351735933,-5.981672351735933,1
449.3,510.44158388115534,-61.14158388115533,61.14158388115533,6.109914027307526,6.237233373358798,-0.12731934605127204,0
239.12,326.38612256292714,-87.26612256292714,87.26612256292714,5.481138798383642,5.791140277242498,-0.31000147885885543,0
388.41999999999996,111.33269192902563,277.08730807097436,277.08730807097436,5.964658452687475,4.7214649318373185,1.2431935208501566,0
0.0,900.4151193875394,-900.4151193875394,900.4151193875394,0.0,6.80396588334368,-6.80396588334368,1
0.0,109.41019299749833,-109.41019299749833,109.41019299749833,0.0,4.70420245745693,-4.70420245745693,1
183.68,570.6622099491382,-386.98220994913817,386.98220994913817,5.218624597638788,6.3485482748942035,-1.129923677255415,0
0.0,201.56246596813537,-201.56246596813537,201.56246596813537,0.0,5.311048312895015,-5.311048312895015,1
741.48,448.64850018666624,292.8314998133338,292.8314998133338,6.609995934287137,6.108466166842154,0.5015297674449828,0
0.0,278.39810299472106,-278.39810299472106,278.39810299472106,0.0,5.632637657231885,-5.632637657231885,1
1135.98,343.45054163951863,792.5294583604814,792.5294583604814,7.0361309034463115,5.841950514514434,1.1941803889318772,0
609.92,735.754022458556,-125.83402245855609,125.83402245855609,6.414966017702245,6.602254081336264,-0.1872880636340195,0
2142.6,1755.5569436905796,387.0430563094203,387.0430563094203,7.670241937620695,7.471110890019332,0.19913104760136235,0
6237.9400000000005,3052.4146366553523,3185.525363344648,3185.525363344648,8.738565575138754,8.024015796371106,0.7145497787676476,0
894.25,946.7001885856542,-52.450188585654246,52.450188585654246,6.797103008878542,6.8540381954691165,-0.05693518659057428,0
485.89,346.7340070305036,139.15599296949637,139.15599296949637,6.188038224879573,5.851437839898406,0.3366003849811676,0
490.04,460.82306874985915,29.216931250140874,29.216931250140874,6.196525590871426,6.13518184965684,0.061343741214585634,0
981.95,1271.8947120452847,-289.94471204528463,289.94471204528463,6.890558254153616,7.14904888660999,-0.2584906324563745,0
0.0,361.24929497010936,-361.24929497010936,361.24929497010936,0.0,5.892332634946611,-5.892332634946611,1
978.46,206.60367818529477,771.8563218147053,771.8563218147053,6.887001399388919,5.33563086879034,1.5513705305985788,0
3406.08,4061.935396511729,-655.8553965117289,655.8553965117289,8.133610898453679,8.309660995421178,-0.17605009696749896,0
0.0,188.11336270769246,-188.11336270769246,188.11336270769246,0.0,5.242346637936111,-5.242346637936111,1
0.0,84.32919131654235,-84.32919131654235,84.32919131654235,0.0,4.446516615374115,-4.446516615374115,1
0.0,75.32934419134702,-75.32934419134702,75.32934419134702,0.0,4.335057454018551,-4.335057454018551,1
171.20000000000002,80.82738134259297,90.37261865740705,90.37261865740705,5.148656591993631,4.4046119228368825,0.7440446691567484,0
0.0,89.082544629619,-89.082544629619,89.082544629619,0.0,4.500726412545006,-4.500726412545006,1
0.0,291.09600086693973,-291.09600086693973,291.09600086693973,0.0,5.677082518327497,-5.677082518327497,1
0.0,97.12003478321294,-97.12003478321294,97.12003478321294,0.0,4.586191573886892,-4.586191573886892,1
0.0,81.28857455754476,-81.28857455754476,81.28857455754476,0.0,4.410232271284395,-4.410232271284395,1
0.0,1067.8270292831373,-1067.8270292831373,1067.8270292831373,0.0,6.974317091836803,-6.974317091836803,1
14389.0,18642.02429761787,-4253.024297617871,4253.024297617871,9.574288799881414,9.833227322805124,-0.2589385229237102,0
3154.88,614.2684579189967,2540.6115420810033,2540.6115420810033,8.057022658429192,6.4220586895021725,1.6349639689270195,0
1111.17,415.4988978571204,695.6711021428796,695.6711021428796,7.014068340823765,6.031883815402004,0.9821845254217605,0
0.0,174.62178061706905,-174.62178061706905,174.62178061706905,0.0,5.168332708913983,-5.168332708913983,1
0.0,348.67151710387344,-348.67151710387344,348.67151710387344,0.0,5.856994191235048,-5.856994191235048,1
774.34,1288.2067063195589,-513.8667063195588,513.8667063195588,6.653301642825812,7.161782351851084,-0.5084807090252719,0
366.77,424.2417264498539,-57.47172644985392,57.47172644985392,5.907457742775012,6.05265777535444,-0.14520003257942804,0
0.0,172.58886296762896,-172.58886296762896,172.58886296762896,0.0,5.156689646756056,-5.156689646756056,1
127.33999999999999,185.40970556455235,-58.069705564552365,58.069705564552365,4.854682992322369,5.227946969375333,-0.37326397705296444,0
0.0,189.35701072645733,-189.35701072645733,189.35701072645733,0.0,5.248901312864522,-5.248901312864522,1
2564.84,4134.783873601872,-1569.943873601872,1569.943873601872,7.850041189373354,8.32743215989108,-0.4773909705177255,0
0.0,429.7516876186559,-429.7516876186559,429.7516876186559,0.0,6.065531793261434,-6.065531793261434,1
3808.12,2832.841563452474,975.2784365475259,975.2784365475259,8.245153470314198,7.949388513060633,0.29576495725356544,0
0.0,422.9564948669516,-422.9564948669516,422.9564948669516,0.0,6.049630843521688,-6.049630843521688,1
0.0,79.68575506368198,-79.68575506368198,79.68575506368198,0.0,4.39056204251625,-4.39056204251625,1
0.0,122.68110744413187,-122.68110744413187,122.68110744413187,0.0,4.817706538907464,-4.817706538907464,1
105.0,157.09023332908524,-52.09023332908524,52.09023332908524,4.663439094112067,5.063165967032652,-0.39972687292058495,0
0.0,486.2091091815515,-486.2091091815515,486.2091091815515,0.0,6.188693413227369,-6.188693413227369,1
0.0,224.74931623632366,-224.74931623632366,224.74931623632366,0.0,5.419425163439014,-5.419425163439014,1
350.92,309.57305714573204,41.34694285426798,41.34694285426798,5.863403877040464,5.738419162411598,0.12498471462886585,0
10887.52,11439.871016407633,-552.3510164076324,552.3510164076324,9.295464302191611,9.344947399833323,-0.04948309764171199,0
0.0,38.998518168275446,-38.998518168275446,38.998518168275446,0.0,3.6888424076346102,-3.6888424076346102,1
0.0,226.38905773665147,-226.38905773665147,226.38905773665147,0.0,5.426662461146592,-5.426662461146592,1
1026.6100000000001,680.677378975226,345.9326210247741,345.9326210247741,6.93499099660138,6.524556494563397,0.41043450203798315,0
0.0,475.23175828785645,-475.23175828785645,475.23175828785645,0.0,6.1659046228996885,-6.1659046228996885,1
1223.1,3656.465330611316,-2433.365330611316,2433.365330611316,7.109961159081466,8.204525653864067,-1.0945644947826008,0
0.0,478.61567870312,-478.61567870312,478.61567870312,0.0,6.1729851138265195,-6.1729851138265195,1
2413.4500000000003,1095.5105076087475,1317.9394923912528,1317.9394923912528,7.7892267968780144,6.9998881506745425,0.7893386462034719,0
0.0,812.1294773033937,-812.1294773033937,812.1294773033937,0.0,6.700890355543255,-6.700890355543255,1
735.61,555.8170936507764,179.79290634922359,179.79290634922359,6.602058579808034,6.322236808352818,0.27982177145521625,0
260.38,526.0616609891249,-265.6816609891249,265.6816609891249,5.5659752871688895,6.267317545471385,-0.7013422583024953,0
0.0,447.08802060239105,-447.08802060239105,447.08802060239105,0.0,6.104989687675295,-6.104989687675295,1
125.79,151.72192485816333,-25.931924858163327,25.931924858163327,4.842532174539857,5.0286187831762215,-0.18608660863636484,0
701.14,460.2828219997441,240.85717800025589,240.85717800025589,6.554132814341683,6.134011351630102,0.420121462711581,0
183.48000000000002,329.0947345405469,-145.61473454054686,145.61473454054686,5.217541056520749,5.799379687627859,-0.58183863110711,0
1692.44,2021.5356691661984,-329.0956691661984,329.0956691661984,7.434517242046481,7.612107284953249,-0.17759004290676828,0
749.31,269.7225737114305,479.5874262885694,479.5874262885694,6.620486454464999,5.601094583285458,1.0193918711795407,0
984.46,628.324690477219,356.1353095227811,356.1353095227811,6.893108537235299,6.444647324591156,0.4484612126441423,0
0.0,461.92569693122255,-461.92569693122255,461.92569693122255,0.0,6.137566559417638,-6.137566559417638,1
172.74,211.02826819749424,-38.28826819749423,38.28826819749423,5.157559928831774,5.356719606337169,-0.19915967750539476,0
2411.98,488.93204541586005,1923.04795458414,1923.04795458414,7.788617777153053,6.1942666986625445,1.5943510784905088,0
0.0,243.72784498419423,-243.72784498419423,243.72784498419423,0.0,5.500146756309033,-5.500146756309033,1
384.56,723.0279700128457,-338.4679700128457,338.4679700128457,5.954696822915768,6.5848300242539235,-0.6301332013381558,0
214.6,185.29693291437118,29.30306708562881,29.30306708562881,5.3734248390348425,5.227341814317816,0.1460830247170266,0
676.23,494.3242636643799,181.90573633562013,181.90573633562013,6.518010949336828,6.205212626208541,0.3127983231282867,0
282.82,1146.9568164162758,-864.1368164162759,864.1368164162759,5.648340234406391,7.04573895980987,-1.3973987254034785,0
434.90000000000003,129.3224533570249,305.5775466429751,305.5775466429751,6.077412859244347,4.870011789753675,1.2074010694906718,0
1512.45,690.5783422439919,821.8716577560082,821.8716577560082,7.322147091906822,6.538976437882116,0.7831706540247056,0
334.75,426.4241998353473,-91.67419983534728,91.67419983534728,5.816366835403347,6.057776962328807,-0.2414101269254605,0
0.0,264.46115691892425,-264.46115691892425,264.46115691892425,0.0,5.58146852835523,-5.58146852835523,1
0.0,82.98383027035224,-82.98383027035224,82.98383027035224,0.0,4.430624283531909,-4.430624283531909,1
0.0,213.24607372044517,-213.24607372044517,213.24607372044517,0.0,5.367125231617767,-5.367125231617767,1
998.1700000000001,1202.3151291194945,-204.1451291194944,204.1451291194944,6.906924934341423,7.09283563438884,-0.18591070004741717,0
1705.87,923.6320845531413,782.2379154468586,782.2379154468586,7.442416562893763,6.829395911961297,0.6130206509324667,0
0.0,317.71843457532395,-317.71843457532395,317.71843457532395,0.0,5.764308062785664,-5.764308062785664,1
248.2,202.71333046647334,45.48666953352665,45.48666953352665,5.518255786913298,5.316713762753174,0.20154202416012357,0
134.16000000000003,230.2815973137162,-96.12159731371617,96.12159731371617,4.90645926184609,5.443636004090831,-0.5371767422447418,0
3216.7799999999997,1852.2864263803237,1364.493573619676,1364.493573619676,8.07644695977093,7.524715788749208,0.5517311710217223,0
163.56,334.0851944344383,-170.52519443443828,170.52519443443828,5.103275245344702,5.814384811237908,-0.7111095658932065,0
334.3,392.70104068463644,-58.40104068463643,58.40104068463643,5.8150256534721825,5.975591841290462,-0.16056618781827936,0
0.0,1238.6933077702136,-1238.6933077702136,1238.6933077702136,0.0,7.122619295563993,-7.122619295563993,1
74.53,163.94939129600323,-89.41939129600323,89.41939129600323,4.324529928325356,5.105638707434397,-0.781108779109041,0
1985.23,2128.7554471509766,-143.52544715097656,143.52544715097656,7.593993648574303,7.6637624385677485,-0.0697687899934456,0
3024.59,3325.165771905442,-300.5757719054418,300.5757719054418,8.01486139276917,8.109575499733163,-0.09471410696399296,0
0.0,472.52854877773785,-472.52854877773785,472.52854877773785,0.0,6.160212203897781,-6.160212203897781,1
0.0,670.2049890010528,-670.2049890010528,670.2049890010528,0.0,6.50907458808284,-6.50907458808284,1
739.1899999999999,621.1555234894635,118.03447651053648,118.03447651053648,6.606906909998597,6.433190099249358,0.17371681074923906,0
702.94,377.5634502313839,325.37654976861614,325.37654976861614,6.556693125253265,5.936383694842381,0.6203094304108836,0
789.27,537.6975881068317,251.57241189316824,251.57241189316824,6.672374659222168,6.289154352429077,0.38322030679309105,0
0.0,266.032163597016,-266.032163597016,266.032163597016,0.0,5.587369114055348,-5.587369114055348,1
0.0,53.09842195843376,-53.09842195843376,53.09842195843376,0.0,3.9908050164516666,-3.9908050164516666,1
0.0,174.29669099409267,-174.29669099409267,174.29669099409267,0.0,5.166479915503124,-5.166479915503124,1
0.0,589.5483719383604,-589.5483719383604,589.5483719383604,0.0,6.381051549197499,-6.381051549197499,1
0.0,226.04754461247157,-226.04754461247157,226.04754461247157,0.0,5.425159443182343,-5.425159443182343,1
0.0,154.17249955230668,-154.17249955230668,154.17249955230668,0.0,5.0445373984422055,-5.0445373984422055,1
679.0500000000001,318.9459986765568,360.10400132344324,360.10400132344324,6.5221663248787625,5.768152227417431,0.7540140974613312,0
2849.48,1214.5140859645496,1634.9659140354504,1634.9659140354504,7.955242680134095,7.102922382306513,0.8523202978275819,0
13721.26,8434.097641350558,5287.1623586494425,5287.1623586494425,9.526774610746598,9.040156570651133,0.4866180400954647,0
1790.8600000000001,917.2403789456657,873.6196210543344,873.6196210543344,7.491009465482959,6.822459207046918,0.6685502584360412,0
0.0,189.7601428513932,-189.7601428513932,189.7601428513932,0.0,5.251016842283765,-5.251016842283765,1
0.0,60.234919453428674,-60.234919453428674,60.234919453428674,0.0,4.114717606104192,-4.114717606104192,1
0.0,412.48469144639273,-412.48469144639273,412.48469144639273,0.0,6.024620491883359,-6.024620491883359,1
0.0,158.21226408658848,-158.21226408658848,158.21226408658848,0.0,5.070238306162961,-5.070238306162961,1
520.48,261.82330182994815,258.65669817005187,258.65669817005187,6.256670922794578,5.571481950221381,0.6851889725731972,0
244.34,568.2208503209896,-323.88085032098957,323.88085032098957,5.502645003604606,6.34426849646713,-0.8416234928625244,0
521.02,196.62195574519745,324.3980442548025,324.3980442548025,6.257705901324915,5.286355891212116,0.9713500101127988,0
213.64,293.68924700997775,-80.04924700997776,80.04924700997776,5.368962206117368,5.685921401157954,-0.3169591950405861,0
77.84,99.49156366000373,-21.65156366000373,21.65156366000373,4.367420482284519,4.610073780294107,-0.24265329800958835,0
533.23,717.9245213700731,-184.69452137007306,184.69452137007306,6.280826457841061,6.577756374978386,-0.29692991713732475,0
741.75,134.6855831769564,607.0644168230435,607.0644168230435,6.610359514342717,4.910340320791285,1.700019193551432,0
0.0,171.0062641378419,-171.0062641378419,171.0062641378419,0.0,5.14753089555634,-5.14753089555634,1
992.3,474.6562874496339,517.643712550366,517.643712550366,6.90103273322131,6.164695508212496,0.736337225008814,0
0.0,590.0149599030027,-590.0149599030027,590.0149599030027,0.0,6.381841329950374,-6.381841329950374,1
555.03,468.90472793418036,86.12527206581962,86.12527206581962,6.320822249629497,6.15252996763334,0.1682922819961572,0
0.0,27.937571807810784,-27.937571807810784,27.937571807810784,0.0,3.3651408133227965,-3.3651408133227965,1
516.41,605.5285003518496,-89.11850035184966,89.11850035184966,6.248835596971419,6.4077517187917445,-0.15891612182032588,0
329.12,612.4413742813505,-283.3213742813505,283.3213742813505,5.799456224724484,6.41908470014127,-0.6196284754167865,0
1081.16,499.5172080402144,581.6427919597857,581.6427919597857,6.986714322780938,6.215641979862968,0.7710723429179698,0
0.0,37.156137829790204,-37.156137829790204,37.156137829790204,0.0,3.641686631546859,-3.641686631546859,1
1699.05,755.2756381108852,943.7743618891147,943.7743618891147,7.4384129413764954,6.6284059104046325,0.810007030971863,0
1012.85,1295.4286013901256,-282.5786013901255,282.5786013901255,6.921510244214473,7.167368533188578,-0.24585828897410522,0
1575.37,907.3590497873612,668.0109502126387,668.0109502126387,7.362880014436895,6.811639729720974,0.551240284715921,0
0.0,72.58051470208657,-72.58051470208657,72.58051470208657,0.0,4.298380244787887,-4.298380244787887,1
401.76,365.63014043117096,36.12985956882903,36.12985956882903,5.9983408510474145,5.904353548150351,0.09398730289706325,0
458.02,314.8942406644225,143.12575933557747,143.12575933557747,6.12909378209602,5.755407476126878,0.37368630596914176,0
1112.3200000000002,411.05353149847366,701.2664685015266,701.2664685015266,7.015101821183019,6.021153271730786,0.9939485494522327,0
66.3,479.19114954134255,-412.89114954134254,412.89114954134254,4.209160236650682,6.174184252841258,-1.9650240161905757,0
620.41,511.0026687202034,109.40733127979655,109.40733127979655,6.431991089523378,6.238329837370071,0.19366125215330676,0
0.0,215.94593370071303,-215.94593370071303,215.94593370071303,0.0,5.379648169043646,-5.379648169043646,1
0.0,338.64685276495265,-338.64685276495265,338.64685276495265,0.0,5.8279064094820665,-5.8279064094820665,1
422.04,247.41848663293024,174.62151336706978,174.62151336706978,6.047466737223266,5.5151147701279655,0.532351967095301,0
429.44,321.0882777038417,108.3517222961583,108.3517222961583,6.064807941332192,5.774825662330726,0.28998227900146567,0
0.0,130.7081785532593,-130.7081785532593,130.7081785532593,0.0,4.880588706694006,-4.880588706694006,1
281.52,419.23759059537383,-137.71759059537385,137.71759059537385,5.643749344540722,6.040820243227818,-0.39707089868709655,0
0.0,318.0500843374089,-318.0500843374089,318.0500843374089,0.0,5.765348094653481,-5.765348094653481,1
192.01999999999998,465.44940233417304,-273.42940233417306,273.42940233417306,5.26279381047899,6.14514955209877,-0.8823557416197803,0
2578.67,925.5238125733442,1653.1461874266558,1653.1461874266558,7.855416762758124,6.831439747039325,1.023977015718799,0
0.0,94.71376804038975,-94.71376804038975,94.71376804038975,0.0,4.561362154781831,-4.561362154781831,1
0.0,136.28932880810513,-136.28932880810513,136.28932880810513,0.0,4.922090588035338,-4.922090588035338,1
0.0,93.4263291636227,-93.4263291636227,93.4263291636227,0.0,4.547819944894712,-4.547819944894712,1
3591.72,1022.8824511926508,2568.837548807349,2568.837548807349,8.186664854769887,6.931357005252969,1.2553078495169183,0
176.20000000000002,197.93761093794194,-21.737610937941923,21.737610937941923,5.177279038170981,5.292991262694393,-0.11571222452341257,0
3322.96,1293.4891464284553,2029.4708535715447,2029.4708535715447,8.10891212220859,7.165871414782906,0.9430407074256841,0
805.81,445.1125389002989,360.69746109970106,360.69746109970106,6.693088200648757,6.100571249563229,0.5925169510855275,0
2165.44,1230.8595446660881,934.5804553339119,934.5804553339119,7.680840546358432,7.116280131641442,0.5645604147169898,0
0.0,206.27352567848874,-206.27352567848874,206.27352567848874,0.0,5.334039301100319,-5.334039301100319,1
677.8599999999999,375.39273878942157,302.46726121057833,302.46726121057833,6.520414920732519,5.930633116317447,0.5897818044150727,0
58.349999999999994,695.2052006394343,-636.8552006394343,636.8552006394343,4.083452121055677,6.545644445385971,-2.462192324330294,0
821.1,1549.094022937122,-727.9940229371219,727.9940229371219,6.711862042158088,7.346070868032985,-0.6342088258748975,0
0.0,139.36760848339642,-139.36760848339642,139.36760848339642,0.0,4.944264756166622,-4.944264756166622,1
0.0,29.44617419790619,-29.44617419790619,29.44617419790619,0.0,3.4159603441573885,-3.4159603441573885,1
124.01,260.9889138778276,-136.9789138778276,136.9789138778276,4.828393734102471,5.568302189422452,-0.7399084553199806,0
690.01,315.5608742828216,374.4491257171784,374.4491257171784,6.538154295442983,5.757515558896774,0.7806387365462095,0
0.0,189.83091517565825,-189.83091517565825,189.83091517565825,0.0,5.251387775111397,-5.251387775111397,1
0.0,540.3042323692725,-540.3042323692725,540.3042323692725,0.0,6.293981472669968,-6.293981472669968,1
923.17,487.3325137093622,435.83748629063774,435.83748629063774,6.828896037402928,6.190996554370787,0.6378994830321414,0
0.0,221.84087470364707,-221.84087470364707,221.84087470364707,0.0,5.406457950399116,-5.406457950399116,1
0.0,111.63644952318317,-111.63644952318317,111.63644952318317,0.0,4.7241653713446174,-4.7241653713446174,1
717.8,2145.9262794017195,-1428.1262794017196,1428.1262794017196,6.577583154909404,7.671792460727423,-1.0942093058180191,0
674.44,369.44894404465566,304.9910559553444,304.9910559553444,6.515364330361245,5.914715632392024,0.6006486979692207,0
430.85,230.97794450337165,199.87205549662838,199.87205549662838,6.068078305726295,5.446642300351364,0.6214360053749308,0
610.51,308.1374517388406,302.3725482611594,302.3725482611594,6.415931308223278,5.733786005625052,0.6821453025982258,0
739.02,561.5620467202572,177.4579532797428,177.4579532797428,6.606677212860019,6.332501433275852,0.2741757795841666,0
352.23,504.9026654865471,-152.6726654865471,152.6726654865471,5.867119402835146,6.22634429008525,-0.3592248872501038,0
2508.83,1252.5758587160847,1256.2541412839153,1256.2541412839153,7.827970300748446,7.133755433291038,0.6942148674574087,0
0.0,709.4082568287165,-709.4082568287165,709.4082568287165,0.0,6.565839814398587,-6.565839814398587,1
1218.9,1030.8174719733693,188.08252802663083,188.08252802663083,7.106524167154692,6.939077062155617,0.16744710499907534,0
247.0,107.82643649610388,139.1735635038961,139.1735635038961,5.5134287461649825,4.689754287407331,0.8236744587576519,0
0.0,929.574798804407,-929.574798804407,929.574798804407,0.0,6.835802458455432,-6.835802458455432,1
0.0,268.72509298326094,-268.72509298326094,268.72509298326094,0.0,5.59740326617091,-5.59740326617091,1
0.0,336.00554009677586,-336.00554009677586,336.00554009677586,0.0,5.820099369673543,-5.820099369673543,1
678.17,293.82443218247795,384.345567817522,384.345567817522,6.520871464410324,5.6863800340265085,0.8344914303838156,0
0.0,61.26101782373292,-61.26101782373292,61.26101782373292,0.0,4.131335512835713,-4.131335512835713,1
403.11,196.85995759205528,206.25004240794473,206.25004240794473,6.001687118128156,5.287559495561966,0.7141276225661901,0
0.0,131.23158504039222,-131.23158504039222,131.23158504039222,0.0,4.884554817492216,-4.884554817492216,1
278.43,301.6008673886056,-23.170867388605586,23.170867388605586,5.632751814000819,5.712414667802909,-0.07966285380209026,0
1243.41,147.00527745285166,1096.4047225471484,1096.4047225471484,7.126416800992479,4.997247931593581,2.1291688693988986,0
0.0,455.26346662253223,-455.26346662253223,455.26346662253223,0.0,6.123070420346118,-6.123070420346118,1
1062.38,418.73871131069615,643.641288689304,643.641288689304,6.969207793295103,6.039632401756091,0.9295753915390126,0
1463.91,742.9431322692014,720.9668677307986,720.9668677307986,7.289549086116957,6.611964596789738,0.6775844893272192,0
0.0,170.90062274476225,-170.90062274476225,170.90062274476225,0.0,5.146916535097554,-5.146916535097554,1
173.15,371.6177414695604,-198.46774146956042,198.46774146956042,5.159916996812011,5.92055307235748,-0.7606360755454693,0
319.98,597.093982861596,-277.113982861596,277.113982861596,5.77137881589301,6.3937479035778955,-0.6223690876848851,0
0.0,152.62088001473336,-152.62088001473336,152.62088001473336,0.0,5.034487749070815,-5.034487749070815,1
3.35,999.232609459614,-995.882609459614,995.882609459614,1.4701758451005926,6.907987861392365,-5.4378120162917725,0
920.19,1087.1499576163956,-166.9599576163955,166.9599576163955,6.8256663124816175,6.992234246609927,-0.1665679341283095,0
0.0,1347.2715439259669,-1347.2715439259669,1347.2715439259669,0.0,7.206578713267098,-7.206578713267098,1
173.82,396.0886039065579,-222.26860390655793,222.26860390655793,5.163756873152342,5.984159439429149,-0.8204025662768073,0
2707.39,2013.029530392501,694.3604696074988,694.3604696074988,7.904109641387867,7.607892735729355,0.296216905658512,0
1926.4,2979.390316965857,-1052.990316965857,1052.990316965857,7.5639272234171875,7.999809549770073,-0.4358823263528855,0
38.7,282.1314241367162,-243.4314241367162,243.4314241367162,3.681351187693145,5.645911186087488,-1.9645599983943436,0
0.0,244.75551778788451,-244.75551778788451,244.75551778788451,0.0,5.504337211625202,-5.504337211625202,1
319.51,206.17282368426729,113.3371763157327,113.3371763157327,5.769913477122026,5.3335533419581616,0.4363601351638646,0
0.0,184.85082801936903,-184.85082801936903,184.85082801936903,0.0,5.224944352043366,-5.224944352043366,1
3850.9,1393.6748499842497,2457.2251500157504,2457.2251500157504,8.256321812041056,7.240416584638964,1.0159052274020928,0
1775.53,744.4023541768837,1031.1276458231164,1031.1276458231164,7.482417302456126,6.613924145313425,0.8684931571427006,0
2497.57,2704.6197084925943,-207.04970849259416,207.04970849259416,7.823473847201883,7.9030862624512395,-0.0796124152493567,0
108089.25,68185.01083400346,39904.239165996536,39904.239165996536,11.590721805294983,11.129994703055603,0.46072710223937996,0
360.23,296.0500018230091,64.17999817699092,64.17999817699092,5.889514874572237,5.693900480938795,0.19561439363344224,0
444.0,219.79239794780366,224.20760205219634,224.20760205219634,6.09807428216624,5.397222884226006,0.7008513979402338,0
939.8000000000001,412.4787950390058,527.3212049609942,527.3212049609942,6.8467305771443625,6.0246062315018944,0.8221243456424681,0
652.62,1298.7350349858011,-646.1150349858011,646.1150349858011,6.482526142832832,7.169915703433972,-0.6873895606011402,0
326.82,356.1587813780966,-29.3387813780966,29.3387813780966,5.792464677261214,5.87818044866564,-0.0857157714044261,0
4385.71,3732.948217381319,652.7617826186811,652.7617826186811,8.38633479458186,8.225221456137623,0.16111333844423648,0
600.79,310.52058820294815,290.2694117970518,290.2694117970518,6.399908547241666,5.741465429792845,0.6584431174488214,0
0.0,225.93762755225532,-225.93762755225532,225.93762755225532,0.0,5.424675211233357,-5.424675211233357,1
214.92000000000002,1038.326346117597,-823.406346117597,823.406346117597,5.374907968709749,6.946328038140866,-1.5714200694311167,0
307.15000000000003,429.41781512708485,-122.26781512708482,122.26781512708482,5.730586677408252,6.064756400014844,-0.3341697226065925,0
1066.94,1158.9742503532925,-92.03425035329246,92.03425035329246,6.973486838166717,7.056153085882732,-0.08266624771601538,0
922.37,1146.1854057995972,-223.81540579959722,223.81540579959722,6.828030020916142,7.0450667481811005,-0.2170367272649587,0
0.0,61.09549779621374,-61.09549779621374,61.09549779621374,0.0,4.128673487055417,-4.128673487055417,1
